Data;s_1001;s_1002;s_1003;s_1004;s_1005;s_1006;s_1007;s_1008;s_1009;s_1010;s_1011;s_1012;s_1013;s_1014;s_1015;s_1016;s_1018;s_1019;s_1020;s_1021;s_1022;s_1028;s_1029;s_1030;s_1031;s_1032;s_1033;s_1034;s_1035;s_1036;s_1037
jan/91;NA;NA;NA;NA;NA;NA;NA;NA;72,60196396;43,15825819;55,56936266;NA;NA;NA;NA;NA;NA;NA;NA;NA;NA;NA;NA;NA;NA;NA;NA;NA;NA;NA;NA
fev/91;NA;NA;NA;NA;NA;NA;NA;NA;73,54882906;41,15548946;55,638652;NA;NA;NA;NA;NA;NA;NA;NA;NA;NA;NA;NA;NA;NA;NA;NA;NA;NA;NA;NA
mar/91;NA;NA;NA;NA;NA;NA;NA;NA;75,23760392;42,5550422;57,9540245;NA;NA;NA;NA;NA;NA;NA;NA;NA;NA;NA;NA;NA;NA;NA;NA;NA;NA;NA;NA
abr/91;NA;NA;NA;NA;NA;NA;NA;NA;76,57426203;49,14382003;61,50566538;NA;NA;NA;NA;NA;NA;NA;NA;NA;NA;NA;NA;NA;NA;NA;NA;NA;NA;NA;NA
mai/91;NA;NA;NA;NA;NA;NA;NA;NA;77,92712924;52,61310117;63,69644886;NA;NA;NA;NA;NA;NA;NA;NA;NA;NA;NA;NA;NA;NA;NA;NA;NA;NA;NA;NA
jun/91;NA;NA;NA;NA;NA;NA;NA;NA;78,78406107;53,1563963;67,24285323;NA;NA;NA;NA;NA;NA;NA;NA;NA;NA;NA;NA;NA;NA;NA;NA;NA;NA;NA;NA
jul/91;NA;NA;NA;NA;NA;NA;NA;NA;78,88042382;53,33100465;64,46977358;NA;NA;NA;NA;NA;NA;NA;NA;NA;NA;NA;NA;NA;NA;NA;NA;NA;NA;NA;NA
ago/91;NA;NA;NA;NA;NA;NA;NA;NA;78,64488136;50,12801949;62,83778268;NA;NA;NA;NA;NA;NA;NA;NA;NA;NA;NA;NA;NA;NA;NA;NA;NA;NA;NA;NA
set/91;NA;NA;NA;NA;NA;NA;NA;NA;77,53120783;50,38291646;64,29563891;NA;NA;NA;NA;NA;NA;NA;NA;NA;NA;NA;NA;NA;NA;NA;NA;NA;NA;NA;NA
out/91;NA;NA;NA;NA;NA;NA;NA;NA;76,77608612;47,23379896;62,43237319;NA;NA;NA;NA;NA;NA;NA;NA;NA;NA;NA;NA;NA;NA;NA;NA;NA;NA;NA;NA
nov/91;NA;NA;NA;NA;NA;NA;NA;NA;74,61684007;46,30107828;59,96387145;NA;NA;NA;NA;NA;NA;NA;NA;NA;NA;NA;NA;NA;NA;NA;NA;NA;NA;NA;NA
dez/91;NA;NA;NA;NA;NA;NA;NA;NA;75,05502381;46,31190987;57,84447535;NA;NA;NA;NA;NA;NA;NA;NA;NA;NA;NA;NA;NA;NA;NA;NA;NA;NA;NA;NA
jan/92;NA;NA;NA;NA;NA;NA;NA;NA;75,70933341;44,32052486;59,91005284;NA;NA;NA;NA;NA;NA;NA;NA;NA;NA;NA;NA;NA;NA;NA;NA;NA;NA;NA;NA
fev/92;NA;NA;NA;NA;NA;NA;NA;NA;75,87981557;48,29745852;62,48246323;NA;NA;NA;NA;NA;NA;NA;NA;NA;NA;NA;NA;NA;NA;NA;NA;NA;NA;NA;NA
mar/92;NA;NA;NA;NA;NA;NA;NA;NA;75,53928363;49,30651399;61,95766582;NA;NA;NA;NA;NA;NA;NA;NA;NA;NA;NA;NA;NA;NA;NA;NA;NA;NA;NA;NA
abr/92;NA;NA;NA;NA;NA;NA;NA;NA;76,68877108;50,34937916;63,46053254;NA;NA;NA;NA;NA;NA;NA;NA;NA;NA;NA;NA;NA;NA;NA;NA;NA;NA;NA;NA
mai/92;NA;NA;NA;NA;NA;NA;NA;NA;76,95550599;50,0384416;63,26328342;NA;NA;NA;NA;NA;NA;NA;NA;NA;NA;NA;NA;NA;NA;NA;NA;NA;NA;NA;NA
jun/92;NA;NA;NA;NA;14,12250628;20,50370893;72,55248032;NA;76,65832943;48,00365583;62,7108477;NA;NA;NA;NA;NA;NA;NA;NA;NA;NA;NA;NA;NA;NA;NA;NA;NA;NA;NA;NA
jul/92;NA;NA;NA;NA;13,94138312;20,78009794;73,62655231;NA;76,74349352;47,89658869;62,73367514;NA;NA;NA;NA;NA;NA;NA;NA;NA;NA;NA;NA;NA;NA;NA;NA;NA;NA;NA;NA
ago/92;NA;NA;NA;NA;13,43933038;19,38683494;75,09654048;NA;77,05491726;49,50501951;64,29028644;NA;NA;NA;NA;NA;NA;NA;NA;NA;NA;NA;NA;NA;NA;NA;NA;NA;NA;NA;NA
set/92;NA;NA;NA;NA;13,89679166;21,08611979;75,59064624;NA;77,71989805;48,33515758;63,62245971;NA;NA;NA;NA;NA;NA;NA;NA;NA;NA;NA;NA;NA;NA;NA;NA;NA;NA;NA;NA
out/92;NA;NA;NA;NA;14,05755023;21,62566636;75,51579781;NA;77,48211637;49,01891945;63,24599869;NA;NA;NA;NA;NA;NA;NA;NA;NA;NA;NA;NA;NA;NA;NA;NA;NA;NA;NA;NA
nov/92;NA;NA;NA;NA;14,35786591;22,27085118;76,07003255;NA;76,54384818;47,21419328;63,82369004;NA;NA;NA;NA;NA;NA;NA;NA;NA;NA;NA;NA;NA;NA;NA;NA;NA;NA;NA;NA
dez/92;NA;NA;NA;NA;13,85361014;23,63522028;77,11826497;NA;78,18877426;50,22815212;65,43342486;NA;NA;NA;NA;NA;NA;NA;NA;NA;NA;NA;NA;NA;NA;NA;NA;NA;NA;NA;NA
jan/93;NA;NA;NA;NA;14,02745183;23,34119318;78,23291801;NA;79,5674517;50,47034278;68,10347995;NA;NA;NA;NA;NA;NA;NA;NA;NA;NA;NA;NA;NA;NA;NA;NA;NA;NA;NA;NA
fev/93;NA;NA;NA;NA;13,8401303;24,59978049;79,41418825;NA;80,4636706;54,38326607;68,3289881;NA;NA;NA;NA;NA;NA;NA;NA;NA;NA;NA;NA;NA;NA;NA;NA;NA;NA;NA;NA
mar/93;NA;NA;NA;NA;13,46728136;23,37945859;79,50397323;NA;80,16558053;54,60036916;68,77612782;NA;NA;NA;NA;NA;NA;NA;NA;NA;NA;NA;NA;NA;NA;NA;NA;NA;NA;NA;NA
abr/93;NA;NA;NA;NA;13,05820386;24,06928949;78,65545802;NA;80,25857385;52,77165959;67,5373024;NA;NA;NA;NA;NA;NA;NA;NA;NA;NA;NA;NA;NA;NA;NA;NA;NA;NA;NA;NA
mai/93;NA;NA;NA;NA;12,47703174;24,15417614;80,30267681;NA;79,62389515;52,97506061;67,49882153;NA;NA;NA;NA;NA;NA;NA;NA;NA;NA;NA;NA;NA;NA;NA;NA;NA;NA;NA;NA
jun/93;NA;NA;NA;NA;12,0123147;24,61265635;81,12818947;NA;80,10661172;53,50239381;67,93709804;NA;NA;NA;NA;NA;NA;NA;NA;NA;NA;NA;NA;NA;NA;NA;NA;NA;NA;NA;NA
jul/93;NA;NA;NA;NA;11,82624736;24,91430244;81,90575159;NA;80,80776936;54,66201731;68,67523376;NA;NA;NA;NA;NA;NA;NA;NA;NA;NA;NA;NA;NA;NA;NA;NA;NA;NA;NA;NA
ago/93;NA;NA;NA;NA;11,83333388;25,39804715;80,51993563;NA;80,0218946;58,60898587;69,00311023;NA;NA;NA;NA;NA;NA;NA;NA;NA;NA;NA;NA;NA;NA;NA;NA;NA;NA;NA;NA
set/93;NA;NA;NA;NA;11,86663985;26,19668064;81,26708762;NA;79,99671774;53,13375301;67,46947962;NA;NA;NA;NA;NA;NA;NA;NA;NA;NA;NA;NA;NA;NA;NA;NA;NA;NA;NA;NA
out/93;NA;NA;NA;NA;11,53668706;25,64960933;79,82023141;NA;80,58922433;53,14920407;68,16948978;NA;NA;NA;NA;NA;NA;NA;NA;NA;NA;NA;NA;NA;NA;NA;NA;NA;NA;NA;NA
nov/93;NA;NA;NA;NA;11,1120248;25,16407015;80,46207468;NA;79,92567788;53,99571759;68,76508341;NA;NA;NA;NA;NA;NA;NA;NA;NA;NA;NA;NA;NA;NA;NA;NA;NA;NA;NA;NA
dez/93;NA;NA;NA;NA;11,25383931;24,60147978;79,91078099;NA;80,1813596;52,36880574;68,7940153;NA;NA;NA;NA;NA;NA;NA;NA;NA;NA;NA;NA;NA;NA;NA;NA;NA;NA;NA;NA
jan/94;NA;NA;NA;NA;10,92654203;24,2099766;80,68133342;NA;80,31335173;57,51656126;70,62329954;NA;NA;NA;NA;NA;NA;NA;NA;NA;NA;NA;NA;NA;NA;NA;NA;NA;NA;NA;NA
fev/94;NA;NA;NA;NA;11,39657204;24,60611461;79,72216468;NA;78,11441405;50,64671809;67,7624495;NA;NA;NA;NA;NA;NA;NA;NA;NA;NA;NA;NA;NA;NA;NA;NA;NA;NA;NA;NA
mar/94;NA;NA;NA;NA;11,08380839;26,34976066;80,52422945;NA;79,24072794;49,48670701;67,0633275;NA;NA;NA;NA;NA;NA;NA;NA;NA;NA;NA;NA;NA;NA;NA;NA;NA;NA;NA;NA
abr/94;NA;NA;NA;NA;11,45160261;27,18796036;78,14383231;NA;78,55861983;50,96914575;68,00413173;NA;NA;NA;NA;NA;NA;NA;NA;NA;NA;NA;NA;NA;NA;NA;NA;NA;NA;NA;NA
mai/94;NA;NA;NA;NA;11,77462686;28,33697294;77,00415855;NA;78,6725096;52,06921425;69,04545392;NA;NA;NA;NA;NA;NA;NA;NA;NA;NA;NA;NA;NA;NA;NA;NA;NA;NA;NA;NA
jun/94;NA;NA;NA;NA;12,01341027;26,71498525;73,7699975;NA;79,30483799;54,06762848;70,84514405;NA;NA;NA;NA;NA;NA;NA;NA;NA;NA;NA;NA;NA;NA;NA;NA;NA;NA;NA;NA
jul/94;NA;NA;NA;NA;12,41019844;25,87716617;69,25317991;NA;79,29425521;51,04109704;67,81626211;NA;NA;NA;NA;NA;NA;NA;NA;NA;NA;NA;NA;NA;NA;NA;NA;NA;NA;NA;NA
ago/94;NA;NA;NA;NA;11,77314798;25,19902835;68,85865928;NA;79,5175801;55,15314253;72,79158352;NA;NA;NA;NA;NA;NA;NA;NA;NA;NA;NA;NA;NA;NA;NA;NA;NA;NA;NA;NA
set/94;NA;NA;NA;NA;10,84510184;26,26757902;72,5753219;NA;80,85664682;59,51164919;76,1498386;NA;NA;NA;NA;NA;NA;NA;NA;NA;NA;NA;NA;NA;NA;NA;NA;NA;NA;NA;NA
out/94;NA;NA;NA;NA;10,49020079;26,7394839;75,89730007;NA;80,80316434;61,12524705;76,5399448;NA;NA;NA;NA;NA;NA;NA;NA;NA;NA;NA;NA;NA;NA;NA;NA;NA;NA;NA;NA
nov/94;NA;NA;NA;NA;10,96051124;26,14054134;78,6237692;NA;81,93004119;61,56891748;77,72434821;NA;NA;NA;NA;NA;NA;NA;NA;NA;NA;NA;NA;NA;NA;NA;NA;NA;NA;NA;NA
dez/94;NA;NA;NA;NA;10,9531727;25,61144974;81,04292334;NA;82,39618971;66,98649336;80,90663799;NA;NA;NA;NA;NA;NA;NA;NA;NA;NA;NA;NA;NA;NA;NA;NA;NA;NA;NA;NA
jan/95;NA;NA;NA;NA;10,68471097;26,05672187;82,06462979;NA;82,10005496;62,95813172;79,04912797;NA;NA;NA;NA;NA;NA;NA;NA;NA;NA;NA;NA;NA;NA;NA;NA;NA;NA;NA;NA
fev/95;NA;NA;NA;NA;9,923064615;25,58998805;83,77435439;NA;81,91325886;62,9602149;77,94977546;NA;NA;NA;NA;NA;NA;NA;NA;NA;NA;NA;NA;NA;NA;NA;NA;NA;NA;NA;NA
mar/95;NA;NA;NA;NA;9,815205671;25,40161952;84,34820104;NA;80,52958412;60,12520496;78,16312994;NA;NA;NA;NA;NA;NA;NA;NA;NA;NA;NA;NA;NA;NA;NA;NA;NA;NA;NA;NA
abr/95;NA;NA;NA;NA;9,538881918;24,26673748;84,92959338;NA;79,69609;52,54746918;76,0311658;NA;NA;NA;NA;NA;NA;NA;NA;NA;NA;NA;NA;NA;NA;NA;NA;NA;NA;NA;NA
mai/95;NA;NA;NA;NA;9,511683858;24,10783532;86,70494071;NA;79,54586143;55,80405343;76,19775929;NA;NA;NA;NA;NA;NA;NA;NA;NA;NA;NA;NA;NA;NA;NA;NA;NA;NA;NA;NA
jun/95;NA;NA;NA;NA;9,625200055;23,65473924;87,95219705;NA;78,1957434;55,00739582;74,16821861;NA;NA;NA;NA;NA;NA;NA;NA;NA;NA;NA;NA;NA;NA;NA;NA;NA;NA;NA;NA
jul/95;NA;NA;NA;NA;10,31065608;25,78953315;88,35658728;NA;77,37203321;51,46672368;73,11684252;NA;NA;NA;NA;NA;NA;NA;NA;NA;NA;NA;NA;NA;NA;NA;NA;NA;NA;NA;NA
ago/95;NA;NA;NA;NA;11,07519421;25,10359754;88,2687258;NA;78,3159269;50,55279092;73,17143866;NA;NA;NA;NA;NA;NA;NA;NA;NA;NA;NA;NA;NA;NA;NA;NA;NA;NA;NA;NA
set/95;NA;NA;NA;NA;12,03329662;24,31125359;88,5675241;NA;76,86880589;46,07803542;71,47875243;NA;NA;NA;NA;NA;NA;NA;NA;NA;NA;NA;NA;NA;NA;NA;NA;NA;NA;NA;NA
out/95;NA;NA;NA;NA;12,20032411;24,84681988;86,78262351;NA;78,37238685;48,01545866;73,16521652;NA;NA;NA;NA;NA;NA;NA;NA;NA;NA;NA;NA;NA;NA;NA;NA;NA;NA;NA;NA
nov/95;NA;NA;NA;NA;12,18634633;26,16552132;85,08957393;NA;77,96454759;48,53868073;72,0918956;NA;NA;NA;NA;NA;NA;NA;NA;NA;NA;NA;NA;NA;NA;NA;NA;NA;NA;NA;NA
dez/95;NA;NA;NA;NA;11,48243929;28,5003667;84,131883;NA;81,60390803;47,60362568;75,17088984;NA;NA;NA;NA;NA;NA;NA;NA;NA;NA;NA;NA;NA;NA;NA;NA;NA;NA;NA;NA
jan/96;NA;NA;NA;NA;11,81308711;27,90856966;83,41552218;NA;78,75592297;48,50730749;73,24284134;NA;NA;NA;NA;NA;NA;NA;NA;NA;NA;NA;NA;NA;NA;NA;NA;NA;NA;NA;NA
fev/96;NA;NA;NA;NA;12,23787278;27,417612;84,75959356;NA;79,48979149;47,01555978;74,09401272;NA;NA;NA;NA;NA;NA;NA;NA;NA;NA;NA;NA;NA;NA;NA;NA;NA;NA;NA;NA
mar/96;NA;NA;NA;NA;13,16587723;28,38677954;86,71778815;NA;81,24005871;48,64227798;75,21250124;NA;NA;NA;NA;NA;NA;NA;NA;NA;NA;NA;NA;NA;NA;NA;NA;NA;NA;NA;NA
abr/96;NA;NA;NA;NA;13,34965477;29,52818387;88,87962304;NA;81,4048195;51,84178123;77,39672143;NA;NA;NA;NA;NA;NA;NA;NA;NA;NA;NA;NA;NA;NA;NA;NA;NA;NA;NA;NA
mai/96;NA;NA;NA;NA;13,60149293;30,44108779;90,11573384;NA;81,461654;53,24819019;77,83079965;NA;NA;NA;NA;NA;NA;NA;NA;NA;NA;NA;NA;NA;NA;NA;NA;NA;NA;NA;NA
jun/96;NA;NA;NA;NA;13,67388547;31,98091484;91,34425221;NA;82,6196306;53,0398897;78,98425717;NA;NA;NA;NA;NA;NA;NA;NA;NA;NA;NA;NA;NA;NA;NA;NA;NA;NA;NA;NA
jul/96;NA;NA;NA;NA;13,15195703;30,85844952;91,78849074;NA;82,64188663;55,20996188;79,29336768;NA;NA;NA;NA;NA;NA;NA;NA;NA;NA;NA;NA;NA;NA;NA;NA;NA;NA;NA;NA
ago/96;NA;NA;NA;NA;12,73344938;32,04256224;92,39221685;NA;82,61495786;54,62659105;78,70127353;NA;NA;NA;NA;NA;NA;NA;NA;NA;NA;NA;NA;NA;NA;NA;NA;NA;NA;NA;NA
set/96;NA;NA;NA;NA;12,82630694;31,41782318;91,70368279;NA;83,24156766;55,36532386;79,08093467;NA;NA;NA;NA;NA;NA;NA;NA;NA;NA;NA;NA;NA;NA;NA;NA;NA;NA;NA;NA
out/96;NA;NA;NA;NA;12,84196085;31,82421346;92,67612587;NA;82,26503117;55,02676218;78,96423792;NA;NA;NA;NA;NA;NA;NA;NA;NA;NA;NA;NA;NA;NA;NA;NA;NA;NA;NA;NA
nov/96;NA;NA;NA;NA;12,69441148;32,96910156;91,88953605;NA;82,78046527;56,13462629;81,30734131;NA;NA;NA;NA;NA;NA;NA;NA;NA;NA;NA;NA;NA;NA;NA;NA;NA;NA;NA;NA
dez/96;NA;NA;NA;NA;12,72326101;33,18659038;92,16849708;NA;82,18119908;56,61172219;80,1686855;NA;NA;NA;NA;NA;NA;NA;NA;NA;NA;NA;NA;NA;NA;NA;NA;NA;NA;NA;NA
jan/97;NA;NA;NA;NA;13,27062054;34,67532646;90,78746601;NA;81,75292857;57,74048083;81,30960636;NA;NA;NA;NA;NA;NA;NA;NA;NA;NA;NA;NA;NA;NA;NA;NA;NA;NA;NA;NA
fev/97;NA;NA;NA;NA;13,76291461;34,15585812;93,35064606;NA;80,39308213;55,34521241;78,04379203;NA;NA;NA;NA;NA;NA;NA;NA;NA;NA;NA;NA;NA;NA;NA;NA;NA;NA;NA;NA
mar/97;NA;NA;NA;NA;13,48078256;34,45720925;93,48708942;NA;80,79550426;57,15233072;80,82302407;NA;NA;NA;NA;NA;NA;NA;NA;NA;NA;NA;NA;NA;NA;NA;NA;NA;NA;NA;NA
abr/97;NA;NA;NA;NA;13,56119895;33,76718525;93,89899652;NA;81,17129362;56,66366599;81,43042713;NA;NA;NA;NA;NA;NA;NA;NA;NA;NA;NA;NA;NA;NA;NA;NA;NA;NA;NA;NA
mai/97;NA;NA;NA;NA;13,45936768;35,64242287;92,88231956;NA;81,98913807;56,6378109;81,79952592;NA;NA;NA;NA;NA;NA;NA;NA;NA;NA;NA;NA;NA;NA;NA;NA;NA;NA;NA;NA
jun/97;NA;NA;NA;NA;13,61432058;36,06611858;92,94002309;NA;82,02812376;59,57051702;83,41109159;NA;NA;NA;NA;NA;NA;NA;NA;NA;NA;NA;NA;NA;NA;NA;NA;NA;NA;NA;NA
jul/97;NA;NA;NA;NA;13,7995692;38,02155037;90,04506942;NA;83,6437219;60,38785886;83,31133022;NA;NA;NA;NA;NA;NA;NA;NA;NA;NA;NA;NA;NA;NA;NA;NA;NA;NA;NA;NA
ago/97;NA;NA;NA;NA;14,06295344;38,2210134;92,2569681;NA;82,38258333;59,82608306;82,67079194;NA;NA;NA;NA;NA;NA;NA;NA;NA;NA;NA;NA;NA;NA;NA;NA;NA;NA;NA;NA
set/97;NA;NA;NA;NA;13,1263349;39,61510268;93,68213751;NA;82,27458383;61,42191143;83,11611687;NA;NA;NA;NA;NA;NA;NA;NA;NA;NA;NA;NA;NA;NA;NA;NA;NA;NA;NA;NA
out/97;NA;NA;NA;NA;12,40205025;36,70643669;95,76478989;NA;81,91275621;62,50242372;84,07988364;NA;NA;NA;NA;NA;NA;NA;NA;NA;NA;NA;NA;NA;NA;NA;NA;NA;NA;NA;NA
nov/97;NA;NA;NA;NA;12,26760378;35,864395;93,74455242;NA;81,57753274;60,73513961;83,11020093;NA;NA;NA;NA;NA;NA;NA;NA;NA;NA;NA;NA;NA;NA;NA;NA;NA;NA;NA;NA
dez/97;NA;NA;NA;NA;13,63393323;35,721078;92,49780456;NA;80,31805514;62,12638814;82,23406359;NA;NA;NA;NA;NA;NA;NA;NA;NA;NA;NA;NA;NA;NA;NA;NA;NA;NA;NA;NA
jan/98;NA;NA;NA;NA;14,03922092;35,65636197;92,56128934;NA;82,49599767;57,55696085;82,32529872;1525329818;NA;NA;NA;NA;NA;NA;NA;NA;NA;NA;NA;NA;NA;NA;NA;NA;NA;NA;NA
fev/98;NA;NA;NA;NA;14,59990792;37,90725892;91,18069599;NA;83,436731;58,07525414;82,36527859;1572048042;NA;NA;NA;NA;NA;NA;NA;NA;NA;NA;NA;NA;NA;NA;NA;NA;NA;NA;NA
mar/98;NA;NA;NA;NA;14,41268299;37,73972388;92,60193525;NA;82,62573334;61,15991695;84,00327941;1504511200;NA;NA;NA;NA;NA;NA;NA;NA;NA;NA;NA;NA;NA;NA;NA;NA;NA;NA;NA
abr/98;NA;NA;NA;NA;14,76708724;39,12408558;91,29776327;NA;82,89278826;59,63790829;83,48874926;1503354144;NA;NA;NA;NA;NA;NA;NA;NA;NA;NA;NA;NA;NA;NA;NA;NA;NA;NA;NA
mai/98;NA;NA;NA;NA;14,98932747;38,79484713;93,75756225;NA;83,11372784;60,92093896;83,20682599;1605264319;NA;NA;NA;NA;NA;NA;NA;NA;NA;NA;NA;NA;NA;NA;NA;NA;NA;NA;NA
jun/98;NA;NA;NA;NA;14,83596342;39,09293429;94,3118911;NA;82,08593224;60,74820801;83,562247;1566195965;NA;NA;NA;NA;NA;NA;NA;NA;NA;NA;NA;NA;NA;NA;NA;NA;NA;NA;NA
jul/98;NA;NA;NA;NA;15,13914632;40,02513692;95,08068675;NA;82,08052084;61,42582354;80,91012504;1517433476;NA;NA;NA;NA;NA;NA;NA;NA;NA;NA;NA;NA;NA;NA;NA;NA;NA;NA;NA
ago/98;NA;NA;NA;NA;15,47099162;39,32735902;96,27006067;NA;82,00576548;62,39125774;82,88531734;1551770853;NA;NA;NA;NA;NA;NA;NA;NA;NA;NA;NA;NA;NA;NA;NA;NA;NA;NA;NA
set/98;NA;NA;NA;NA;15,99145288;41,66247853;95,91984999;NA;81,62005293;66,20377109;84,70258074;1497328417;NA;NA;NA;NA;NA;NA;NA;NA;NA;NA;NA;NA;NA;NA;NA;NA;NA;NA;NA
out/98;NA;NA;NA;NA;16,65580175;41,49328139;96,39669267;NA;81,77634762;60,67274098;81,68557983;1509946630;NA;NA;NA;NA;NA;NA;NA;NA;NA;NA;NA;NA;NA;NA;NA;NA;NA;NA;NA
nov/98;NA;NA;NA;NA;17,62389289;42,7638256;96,23577804;NA;81,58363274;62,74126758;83,52046876;1613640677;NA;NA;NA;NA;NA;NA;NA;NA;NA;NA;NA;NA;NA;NA;NA;NA;NA;NA;NA
dez/98;NA;NA;NA;NA;18,0650554;44,10310227;97,47610148;NA;80,38823954;59,22712198;83,2532791;1398644619;NA;NA;NA;NA;NA;NA;NA;NA;NA;NA;NA;NA;NA;NA;NA;NA;NA;NA;NA
jan/99;NA;NA;NA;NA;18,50857206;43,5071295;94,54093467;NA;79,98202055;55,4692069;82,44259635;1349295407;NA;NA;NA;NA;NA;NA;NA;NA;NA;NA;NA;NA;NA;NA;NA;NA;NA;NA;NA
fev/99;NA;NA;NA;NA;18,17721339;45,55683831;94,92947098;NA;80,32451286;64,34810668;84,61641626;1256862064;NA;NA;NA;NA;NA;NA;NA;NA;NA;NA;NA;NA;NA;NA;NA;NA;NA;NA;NA
mar/99;NA;NA;NA;NA;18,45977365;45,99493945;93,91274771;NA;81,56211803;64,88355766;84,51043255;1670854378;NA;NA;NA;NA;NA;NA;NA;NA;NA;NA;NA;NA;NA;NA;NA;NA;NA;NA;NA
abr/99;NA;NA;NA;NA;18,42796585;45,26386872;92,45421825;NA;80,06333739;58,25957574;79,93367334;1506502268;NA;NA;NA;NA;NA;NA;NA;NA;NA;NA;NA;NA;NA;NA;NA;NA;NA;NA;NA
mai/99;NA;NA;NA;NA;18,43453617;43,85642397;89,97014003;NA;83,88615543;66,27688795;84,89431436;1453601157;NA;NA;NA;NA;NA;NA;NA;NA;NA;NA;NA;NA;NA;NA;NA;NA;NA;NA;NA
jun/99;NA;NA;NA;NA;18,84827994;41,99697312;89,78656945;NA;82,77752463;65,77035819;85,05327188;1482305778;NA;NA;NA;NA;NA;NA;NA;NA;NA;NA;NA;NA;NA;NA;NA;NA;NA;NA;NA
jul/99;NA;NA;NA;NA;19,01331355;44,17736516;90,87849427;NA;83,37369482;64,45365206;84,93194548;1556658659;NA;NA;NA;NA;NA;NA;NA;NA;NA;NA;NA;NA;NA;NA;NA;NA;NA;NA;NA
ago/99;NA;NA;NA;NA;19,63893367;45,74789478;91,36745699;NA;83,20876913;73,9515139;90,42003098;1517244470;NA;NA;NA;NA;NA;NA;NA;NA;NA;NA;NA;NA;NA;NA;NA;NA;NA;NA;NA
set/99;NA;NA;NA;NA;19,72740976;47,91045637;92,13789689;NA;83,13337724;69,8207806;89,19336233;1536357916;NA;NA;NA;NA;NA;NA;NA;NA;NA;NA;NA;NA;NA;NA;NA;NA;NA;NA;NA
out/99;NA;NA;NA;NA;19,4399214;49,28715693;93,03202563;NA;83,49516068;71,30799772;89,87293732;1542597512;NA;NA;NA;NA;NA;NA;NA;NA;NA;NA;NA;NA;NA;NA;NA;NA;NA;NA;NA
nov/99;NA;NA;NA;NA;19,295474;48,76693617;93,87613618;NA;83,47758056;70,84765778;90,34154707;1499139682;NA;NA;NA;NA;NA;NA;NA;NA;NA;NA;NA;NA;NA;NA;NA;NA;NA;NA;NA
dez/99;NA;NA;NA;NA;18,8372042;49,72775171;96,57919793;NA;84,6329753;76,79548703;92,60922109;1396783753;NA;NA;NA;NA;NA;NA;NA;NA;NA;NA;NA;NA;NA;NA;NA;NA;NA;NA;NA
jan/00;NA;NA;NA;NA;17,89565283;47,23932134;97,249671;NA;85,73587928;76,68609189;93,37616139;1582031864;NA;NA;NA;NA;NA;NA;NA;NA;NA;NA;NA;NA;NA;NA;NA;NA;NA;NA;NA
fev/00;NA;NA;NA;NA;17,65722003;44,33652043;97,16630272;NA;85,06851241;80,2900738;93,85197374;1478240626;NA;NA;NA;NA;NA;NA;NA;NA;NA;NA;NA;NA;NA;NA;NA;NA;NA;NA;NA
mar/00;NA;NA;NA;NA;17,57808507;44,11108053;96,75278928;NA;83,91742024;74,50953179;91,383866;1672527270;NA;NA;NA;NA;NA;NA;NA;NA;NA;NA;NA;NA;NA;NA;NA;NA;NA;NA;NA
abr/00;NA;NA;NA;NA;18,11519878;45,18399302;97,4019457;NA;85,4174187;78,82821942;94,32688117;1511746539;NA;NA;NA;NA;NA;NA;NA;NA;NA;NA;NA;NA;NA;NA;NA;NA;NA;NA;NA
mai/00;NA;NA;NA;NA;17,64811813;46,92686953;99,20083926;NA;84,38069568;78,77125257;93,52814388;1498903651;NA;NA;NA;NA;NA;NA;NA;NA;NA;NA;NA;NA;NA;NA;NA;NA;NA;NA;NA
jun/00;NA;NA;NA;NA;17,23559755;46,05545668;100,6129172;NA;84,04715836;76,03317287;93,32165054;1618262146;NA;NA;NA;NA;NA;NA;NA;NA;NA;NA;NA;NA;NA;NA;NA;NA;NA;NA;NA
jul/00;NA;NA;NA;NA;16,47686276;45,26058259;101,6867354;NA;84,31289434;85,661324;95,99330911;1557261753;NA;NA;NA;NA;NA;NA;NA;NA;NA;NA;NA;NA;NA;NA;NA;NA;NA;NA;NA
ago/00;NA;NA;NA;NA;16,50529589;43,87779745;101,0568686;NA;83,54128837;78,00557496;95,1892923;1610503245;NA;NA;NA;NA;NA;NA;NA;NA;NA;NA;NA;NA;NA;NA;NA;NA;NA;NA;NA
set/00;NA;NA;NA;NA;16,23182034;42,92869138;99,56799549;NA;84,45401516;79,51308979;95,04696957;1626033637;NA;NA;NA;NA;NA;NA;NA;NA;NA;NA;NA;NA;NA;NA;NA;NA;NA;NA;NA
out/00;NA;NA;NA;NA;16,07437987;44,37332689;98,88716648;NA;85,76277903;83,7240706;97,93126013;1615451651;NA;NA;NA;NA;NA;NA;NA;NA;NA;NA;NA;NA;NA;NA;NA;NA;NA;NA;NA
nov/00;NA;NA;NA;NA;15,82502441;44,1283984;99,22829596;NA;85,23170534;84,49196645;98,86757983;1679144597;NA;NA;NA;NA;NA;NA;NA;NA;NA;NA;NA;NA;NA;NA;NA;NA;NA;NA;NA
dez/00;NA;NA;NA;NA;15,62212002;43,17350963;100,259065;NA;86,01906093;95,81307811;100,554169;1416355419;NA;NA;NA;NA;NA;NA;NA;NA;NA;NA;NA;NA;NA;NA;NA;NA;NA;NA;NA
jan/01;NA;NA;NA;NA;15,44369582;42,1984347;101,2519734;NA;85,09220625;86,66869204;98,95339095;1748011995;NA;NA;NA;NA;NA;NA;NA;NA;NA;NA;NA;NA;NA;NA;NA;NA;NA;NA;NA
fev/01;NA;NA;NA;NA;15,43815661;39,27936372;101,9053001;NA;84,73044247;81,82145949;98,41603274;1686594635;NA;NA;NA;NA;NA;NA;NA;NA;NA;NA;NA;NA;NA;NA;NA;NA;NA;NA;NA
mar/01;NA;NA;NA;NA;15,30031999;40,10965989;101,9261038;NA;84,77720129;81,88441;99,11229745;1672549218;NA;NA;NA;NA;NA;NA;NA;NA;NA;NA;NA;NA;NA;NA;NA;NA;NA;NA;NA
abr/01;NA;NA;NA;NA;15,07989135;40,88823617;102,5855658;NA;83,88887251;80,25881358;98,20537441;1747925273;NA;NA;NA;NA;NA;NA;NA;NA;NA;NA;NA;NA;NA;NA;NA;NA;NA;NA;NA
mai/01;NA;NA;NA;NA;14,8110494;41,6296092;101,5696416;NA;84,0972164;81,39516189;100,4411449;1748048266;NA;NA;NA;NA;NA;NA;NA;NA;NA;NA;NA;NA;NA;NA;NA;NA;NA;NA;NA
jun/01;NA;NA;NA;NA;14,50177168;46,01189079;101,5507836;NA;84,79694964;84,53430515;100,5652413;1642952764;NA;NA;NA;NA;NA;NA;NA;NA;NA;NA;NA;NA;NA;NA;NA;NA;NA;NA;NA
jul/01;NA;NA;NA;NA;14,28514094;44,28759029;98,74465104;NA;84,34211043;85,31167986;102,7141248;1748233842;NA;NA;NA;NA;NA;NA;NA;NA;NA;NA;NA;NA;NA;NA;NA;NA;NA;NA;NA
ago/01;NA;NA;NA;NA;14,24625212;46,0638049;97,69245835;NA;84,76213804;88,27944733;101,5954155;1638541657;NA;NA;NA;NA;NA;NA;NA;NA;NA;NA;NA;NA;NA;NA;NA;NA;NA;NA;NA
set/01;NA;NA;NA;NA;14,453787;44,1215903;97,83114009;NA;84,07875463;85,00334759;101,4095015;1717148986;NA;NA;NA;NA;NA;NA;NA;NA;NA;NA;NA;NA;NA;NA;NA;NA;NA;NA;NA
out/01;NA;NA;NA;NA;15,10128537;43,52797466;97,3234039;NA;83,25705781;85,23330927;99,60708265;1677063381;NA;NA;NA;NA;NA;NA;NA;NA;NA;NA;NA;NA;NA;NA;NA;NA;NA;NA;NA
nov/01;NA;NA;NA;NA;15,095359;43,25063355;98,00220999;NA;85,03969143;86,94638971;99,61141024;1610495294;NA;NA;NA;NA;NA;NA;NA;NA;NA;NA;NA;NA;NA;NA;NA;NA;NA;NA;NA
dez/01;NA;NA;NA;NA;15,47913559;44,33142626;96,33684336;NA;82,2664804;81,77754133;96,49221361;1688907596;NA;NA;NA;NA;NA;NA;NA;NA;NA;NA;NA;NA;NA;NA;NA;NA;NA;NA;NA
jan/02;95,03940486;NA;NA;NA;15,56158973;45,74481801;96,17285523;NA;83,91200581;78,82619178;99,02625365;1391059780;NA;NA;NA;NA;NA;NA;NA;NA;NA;NA;NA;NA;NA;NA;NA;NA;NA;NA;NA
fev/02;96,41721261;NA;NA;NA;15,73315159;47,73175278;96,50410131;NA;84,14836068;78,67550125;98,89463733;1769738576;NA;NA;NA;NA;NA;NA;NA;NA;NA;NA;NA;NA;NA;NA;NA;NA;NA;NA;NA
mar/02;95,81475171;NA;NA;NA;15,72409426;48,12826815;97,13293912;NA;83,68206158;78,58313404;98,80560231;1617764767;NA;NA;NA;NA;NA;NA;NA;NA;NA;NA;NA;NA;NA;NA;NA;NA;NA;NA;NA
abr/02;96,12697741;NA;NA;NA;15,20944826;47,89828691;97,99301888;NA;83,67577224;79,53169744;100,4309126;1756933331;NA;NA;NA;NA;NA;NA;NA;NA;NA;NA;NA;NA;NA;NA;NA;NA;NA;NA;NA
mai/02;96,36116729;NA;NA;NA;15,42664323;47,9464104;98,36262044;NA;83,13204299;77,78578088;99,75106154;1702430621;NA;NA;NA;NA;NA;NA;NA;NA;NA;NA;NA;NA;NA;NA;NA;NA;NA;NA;NA
jun/02;97,79351501;NA;NA;NA;15,31264471;46,07877403;98,49150654;NA;83,32952733;87,49749572;103,8197535;1695050368;NA;NA;NA;NA;NA;NA;NA;NA;NA;NA;NA;NA;NA;NA;NA;NA;NA;NA;NA
jul/02;91,39174882;NA;NA;NA;15,5048833;44,0873144;99,9095757;NA;84,21864008;85,88704673;102,5148784;1680267909;NA;NA;NA;NA;NA;NA;NA;NA;NA;NA;NA;NA;NA;NA;NA;NA;NA;NA;NA
ago/02;97,52113994;NA;NA;NA;15,24717183;42,84281155;99,13073664;NA;85,26442119;94,65499329;107,7643259;1677544082;NA;NA;NA;NA;NA;NA;NA;NA;NA;NA;NA;NA;NA;NA;NA;NA;NA;NA;NA
set/02;99,46470143;NA;NA;NA;15,38659056;42,96521861;99,82801337;NA;85,13072458;97,49566267;104,649059;1646391839;NA;NA;NA;NA;NA;NA;NA;NA;NA;NA;NA;NA;NA;NA;NA;NA;NA;NA;NA
out/02;96,65708519;NA;NA;NA;14,92331109;40,84146207;98,31604347;NA;83,06819395;95,98911164;106,0373218;1540154316;NA;NA;NA;NA;NA;NA;NA;NA;NA;NA;NA;NA;NA;NA;NA;NA;NA;NA;NA
nov/02;100,0530818;NA;NA;NA;14,87225842;43,4490073;96,35916852;NA;83,99944715;89,41614176;102,1326863;1609296100;NA;NA;NA;NA;NA;NA;NA;NA;NA;NA;NA;NA;NA;NA;NA;NA;NA;NA;NA
dez/02;96,01288015;NA;NA;NA;14,93522978;43,66157651;94,5846474;NA;84,50972832;97,93508468;101,1933219;1681554743;NA;NA;NA;NA;NA;NA;NA;NA;NA;NA;NA;NA;NA;NA;NA;NA;NA;NA;NA
jan/03;97,79146659;NA;NA;101,1312631;15,39746155;45,76437192;92,39943381;NA;83,63503057;112,4769395;106,5322653;1652102654;NA;NA;NA;NA;NA;NA;NA;NA;NA;NA;NA;NA;NA;NA;NA;NA;NA;NA;NA
fev/03;99,92687713;NA;NA;107,292305;15,5451083;45,75939238;90,92705287;NA;79,35925459;128,1647662;108,343939;1621840404;NA;NA;NA;NA;NA;NA;NA;NA;NA;NA;NA;NA;NA;NA;NA;NA;NA;NA;NA
mar/03;97,42784352;NA;NA;106,1573167;15,23348545;47,03367191;90,13472362;NA;80,80740028;150,4610731;113,058913;1556445415;NA;NA;NA;NA;NA;NA;NA;NA;NA;NA;NA;NA;NA;NA;NA;NA;NA;NA;NA
abr/03;98,76920731;NA;NA;108,3845194;15,78434503;43,61170094;88,12353224;NA;83,5651539;131,5043453;111,798967;1309093751;NA;NA;NA;NA;NA;NA;NA;NA;NA;NA;NA;NA;NA;NA;NA;NA;NA;NA;NA
mai/03;96,32798316;NA;NA;103,7041757;15,98890886;42,76137563;87,86574211;NA;82,58996839;122,4653214;107,6112915;1504437494;NA;NA;NA;NA;NA;NA;NA;NA;NA;NA;NA;NA;NA;NA;NA;NA;NA;NA;NA
jun/03;90,44062443;NA;NA;100,0837824;16,90164733;41,98818931;87,01064334;NA;82,16679689;97,67405012;101,7113322;1883692236;NA;NA;NA;NA;NA;NA;NA;NA;NA;NA;NA;NA;NA;NA;NA;NA;NA;NA;NA
jul/03;85,19416258;NA;NA;97,17178842;17,19027324;42,81921559;86,53735806;NA;81,12719263;96,00366004;102,0187001;1407286774;NA;NA;NA;NA;NA;NA;NA;NA;NA;NA;NA;NA;NA;NA;NA;NA;NA;NA;NA
ago/03;92,17110665;NA;NA;99,04986774;17,51466642;42,74615507;88,43557105;NA;81,34500874;97,30889699;101,4258668;1555849051;NA;NA;NA;NA;NA;NA;NA;NA;NA;NA;NA;NA;NA;NA;NA;NA;NA;NA;NA
set/03;98,25936437;NA;NA;101,9674052;17,62002424;43,72132984;88,03871494;NA;82,31402767;102,9970054;104,8158182;1520239936;NA;NA;NA;NA;NA;NA;NA;NA;NA;NA;NA;NA;NA;NA;NA;NA;NA;NA;NA
out/03;97,52727682;NA;NA;102,176862;17,54635292;44,19167705;89,65408327;NA;82,12334784;104,274384;105,6542619;1651237763;NA;NA;NA;NA;NA;NA;NA;NA;NA;NA;NA;NA;NA;NA;NA;NA;NA;NA;NA
nov/03;100,0059246;NA;NA;105,7383668;17,47293412;43,54673593;89,77810862;NA;82,34862938;97,75650808;103,9949791;1965339771;NA;NA;NA;NA;NA;NA;NA;NA;NA;NA;NA;NA;NA;NA;NA;NA;NA;NA;NA
dez/03;98,07866443;NA;NA;99,98033561;16,80156616;42,76547714;91,58233796;NA;81,46781333;100,3624657;100,9156073;1703286691;NA;NA;NA;NA;NA;NA;NA;NA;NA;NA;NA;NA;NA;NA;NA;NA;NA;NA;NA
jan/04;99,62369769;55,7662396;NA;103,6814059;16,52437757;43,95452953;92,01555926;NA;81,79525937;104,5145022;105,5923446;1506712377;NA;NA;62464,84297;2,844768098;0,888563713;NA;NA;1742259,702;NA;NA;NA;NA;NA;NA;NA;NA;NA;NA;NA
fev/04;98,05144001;56,8302331;NA;102,1145906;16,64781551;44,89511815;91,44946153;NA;82,60358687;106,6273649;105,8270677;1615688366;NA;NA;62164,76402;2,852901673;0,900287436;NA;NA;1747152,684;NA;NA;NA;NA;NA;NA;NA;NA;NA;NA;NA
mar/04;102,5027033;57,86893548;NA;111,4214702;17,16000912;45,12322016;90,43243952;NA;83,70845176;114,6079008;109,639406;1658573375;NA;NA;62434,0338;2,718814806;0,891860163;NA;NA;1756265,296;NA;NA;NA;NA;NA;NA;NA;NA;NA;NA;NA
abr/04;102,483736;58,19257284;NA;109,0330975;17,11715966;44,7010945;92,08231675;NA;84,25258452;123,3747208;111,4897405;1450051821;NA;NA;62691,36012;2,620156548;0,890477813;NA;NA;1760428,261;NA;NA;NA;NA;NA;NA;NA;NA;NA;NA;NA
mai/04;102,1766191;59,1548882;NA;105,3851487;16,51778742;42,90197184;92,87877051;NA;84,17356936;122,1930224;111,0022845;1639010103;NA;NA;63600,6839;2,501977298;0,886120831;NA;NA;1771311,229;NA;NA;NA;NA;NA;NA;NA;NA;NA;NA;NA
jun/04;104,6825201;58,96363235;NA;105,4059734;16,07888314;44,02673296;93,45255382;NA;85,36972369;128,0388449;113,4030948;1519545232;NA;NA;63137,53556;2,392683966;0,894809761;NA;NA;1781210,194;NA;NA;NA;NA;NA;NA;NA;NA;NA;NA;NA
jul/04;106,7996314;60,33650334;NA;105,8742094;15,76955768;43,36927897;92,55868052;NA;84,98058847;133,8078115;116,2023938;1696350597;NA;NA;63275,91683;2,274150145;0,865097248;NA;NA;1794434,544;NA;NA;NA;NA;NA;NA;NA;NA;NA;NA;NA
ago/04;101,7755285;59,61987778;NA;104,701723;15,54280078;44,48941519;90,28569047;NA;84,19462219;121,2321621;112,9136133;1679302230;NA;NA;63915,67216;2,164389496;0,922246118;NA;NA;1802719,757;NA;NA;NA;NA;NA;NA;NA;NA;NA;NA;NA
set/04;96,5407007;58,67492228;NA;103,9988191;14,92063329;44,17307185;89,59521308;NA;83,53631884;114,644137;110,1845;1548091842;NA;NA;64748,82323;2,044473284;0,907670749;NA;NA;1809800,184;NA;NA;NA;NA;NA;NA;NA;NA;NA;NA;NA
out/04;103,3981286;60,73934355;NA;106,38219;14,71317593;45,4276716;87,49511366;NA;84,14301414;111,9996313;109,7736314;1646238895;NA;NA;66111,04424;1,999952533;0,89814424;NA;NA;1816744,495;NA;NA;NA;NA;NA;NA;NA;NA;NA;NA;NA
nov/04;98,07158285;59,29880383;NA;105,7848838;14,7042068;45,69606116;89,53161882;NA;82,89602043;123,298725;111,1823693;1622266197;NA;NA;66058,7046;2,012984216;0,904857304;NA;NA;1816806,99;NA;NA;NA;NA;NA;NA;NA;NA;NA;NA;NA
dez/04;98,21425639;60,56183785;NA;105,8912382;15,29577711;44,81588564;89,62038527;NA;83,06165277;125,1085248;109,4874986;1756515314;NA;NA;67265,37801;1,99858903;0,898827713;NA;NA;1825820,086;NA;NA;NA;NA;NA;NA;NA;NA;NA;NA;NA
jan/05;100,4709871;59,99455506;NA;103,3661594;15,52736938;42,28613317;91,5473867;NA;83,62480401;117,1104974;109,135859;1397174545;NA;NA;68806,23143;1,990033294;0,898856138;NA;NA;1840340,99;NA;NA;NA;NA;NA;NA;NA;NA;NA;NA;NA
fev/05;97,62910328;59,04753533;NA;101,0301555;15,15384649;41,33848594;92,29664562;NA;83,04470891;124,7838514;109,7944851;1603648295;NA;NA;70164,07335;1,988896195;0,911014071;NA;NA;1842513,557;NA;NA;NA;NA;NA;NA;NA;NA;NA;NA;NA
mar/05;98,39782804;57,47202285;NA;104,2798344;14,47812913;41,36354834;93,12408909;NA;83,16745723;115,9835864;108,859166;1723262132;NA;NA;70595,23321;2,039645453;0,891952844;NA;NA;1848076,509;NA;NA;NA;NA;NA;NA;NA;NA;NA;NA;NA
abr/05;98,67696276;56,82263087;NA;103,1517025;14,17182164;41,95800456;94,020197;NA;82,64646121;113,3814484;106,6208905;1773093190;NA;NA;71405,57726;2,089261758;0,890945944;NA;NA;1855768,211;NA;NA;NA;NA;NA;NA;NA;NA;NA;NA;NA
mai/05;100,1969893;54,38900915;NA;104,7615755;14,21655004;41,93990846;93,41271405;NA;83,10441316;120,381349;108,0424996;1758318872;NA;NA;71905,57748;2,129840012;0,886274577;NA;NA;1855643,355;NA;NA;NA;NA;NA;NA;NA;NA;NA;NA;NA
jun/05;101,960517;56,31993291;NA;106,3478881;14,32386251;40,71463666;93,83137955;NA;81,47943563;107,5506741;105,9320976;1784620578;NA;NA;72994,54447;2,196277883;0,895500247;NA;NA;1858000,301;NA;NA;NA;NA;NA;NA;NA;NA;NA;NA;NA
jul/05;99,88094566;56,34382538;NA;105,1012493;13,94820037;40,76589207;94,77285849;NA;80,4974261;113,2690051;105,356309;1803987759;NA;NA;73975,29803;2,254096249;0,875249163;NA;NA;1855659,549;NA;NA;NA;NA;NA;NA;NA;NA;NA;NA;NA
ago/05;102,2522527;55,11303642;NA;106,1716448;14,30332917;39,05249689;96,52695402;NA;81,64600863;105,681176;105,7368687;1847496142;NA;NA;75600,87899;2,319456884;0,911279865;NA;NA;1852564,215;NA;NA;NA;NA;NA;NA;NA;NA;NA;NA;NA
set/05;94,91822247;53,61838626;NA;104,1400798;14,61337124;38,71036547;98,24181726;NA;80,81706922;101,5491955;103,0966204;1967531221;NA;NA;75352,25561;2,445084844;0,848050074;NA;NA;1856420,044;NA;NA;NA;NA;NA;NA;NA;NA;NA;NA;NA
out/05;97,32680192;54,26872801;NA;104,1707956;14,77823711;36,43504823;96,54357943;NA;81,48508777;98,76477428;101,5247039;2186587221;NA;NA;76621,83547;2,528440937;0,866667117;NA;NA;1867792,684;NA;NA;NA;NA;NA;NA;NA;NA;NA;NA;NA
nov/05;96,56820636;55,75544964;NA;105,098951;14,9023646;36,85949796;96,19433;NA;81,83161539;90,83089846;99,89815791;1884491108;NA;NA;78169,72632;2,559407432;0,864106729;NA;NA;1876421,269;NA;NA;NA;NA;NA;NA;NA;NA;NA;NA;NA
dez/05;100,9038755;56,96647413;NA;105,706204;14,62637911;37,11008704;93,51741786;NA;82,36147374;121,5184424;104,6387852;1859666121;NA;NA;80771,43562;2,661808954;0,856322176;NA;NA;1876506,742;NA;NA;NA;NA;NA;NA;NA;NA;NA;NA;NA
jan/06;95,9574599;55,39482403;NA;107,7552951;14,38520705;36,75826805;95,14244495;NA;81,79945395;91,24179688;100,2358024;1943425856;NA;NA;80329,00336;2,757528086;0,880423667;NA;NA;1874752,181;NA;NA;NA;NA;NA;NA;NA;NA;NA;NA;NA
fev/06;96,78177465;55,1846609;NA;109,0841196;14,46928969;36,92835952;95,93216535;NA;80,99881845;101,6244775;100,3876727;1878335993;NA;NA;81531,38006;2,770229497;0,863079864;NA;NA;1877086,915;NA;NA;NA;NA;NA;NA;NA;NA;NA;NA;NA
mar/06;94,70629447;55,70609071;NA;108,8119149;14,88080465;38,75595599;95,33612406;NA;81,22359787;90,88330187;97,36562848;1950641543;NA;NA;82895,48906;2,81283637;0,882059377;NA;NA;1878202,299;NA;NA;NA;NA;NA;NA;NA;NA;NA;NA;NA
abr/06;93,75426305;56,64368686;NA;108,9016171;14,91138243;39,29900612;94,6365009;NA;81,09696103;99,31079869;99,40843497;1873357423;NA;NA;84048,84032;2,806135087;0,881519619;NA;NA;1881055,26;NA;NA;NA;NA;NA;NA;NA;NA;NA;NA;NA
mai/06;95,32221261;56,12208355;NA;108,9827372;14,57538224;38,7479259;94,85537576;NA;80,96018476;96,79192528;97,92381297;1833076534;NA;NA;85461,57825;2,833435077;0,887433828;NA;NA;1885694,058;NA;NA;NA;NA;NA;NA;NA;NA;NA;NA;NA
jun/06;95,06785165;53,90957053;NA;107,7268962;14,2885908;38,36067437;94,95121907;NA;80,79293892;98,40636521;99,68484131;2002164695;NA;NA;87711,60441;2,811555073;0,876175645;NA;NA;1890610,35;NA;NA;NA;NA;NA;NA;NA;NA;NA;NA;NA
jul/06;97,1545201;56,56208592;NA;108,6348672;14,25227197;37,07232066;95,20003181;NA;81,67119325;98,90061195;99,08034123;1879149393;NA;NA;87811,7002;2,890173722;0,895315628;NA;NA;1896661,305;NA;NA;NA;NA;NA;NA;NA;NA;NA;NA;NA
ago/06;97,45843044;56,30561688;NA;108,8387502;14,17023867;37,64218093;92,59229795;NA;81,65094914;101,8556947;99,24832175;1794224097;NA;NA;88324,8799;3,06315351;0,850020724;NA;NA;1899649,066;NA;NA;NA;NA;NA;NA;NA;NA;NA;NA;NA
set/06;100,0018915;57,61682834;NA;110,4259943;14,10447769;37,37447928;95,59082241;NA;82,94535992;99,32028837;99,83500198;2073145212;NA;NA;89065,03984;3,226693332;0,898816395;NA;NA;1901515,846;NA;NA;NA;NA;NA;NA;NA;NA;NA;NA;NA
out/06;98,06733545;56,67336084;NA;108,8623035;14,25073217;37,58867483;98,0174754;NA;82,24226961;103,4646593;100,5873841;1924015875;NA;NA;89335,45155;3,39464739;0,885286264;NA;NA;1902790,229;NA;NA;NA;NA;NA;NA;NA;NA;NA;NA;NA
nov/06;99,37427944;57,31749873;NA;108,883664;14,09198732;38,01281738;101,7858754;NA;83,43012353;114,0997591;103,530715;1876750275;NA;NA;89916,2148;3,039987723;0,8725179;NA;NA;1903074,539;NA;NA;NA;NA;NA;NA;NA;NA;NA;NA;NA
dez/06;101,497281;59,32667404;NA;111,4595549;13,87736317;39,31252952;100,4813594;NA;84,65462575;106,3678879;103,9658173;1617013810;NA;NA;91189,9549;2,788702588;0,932096709;NA;NA;1916438,832;NA;NA;NA;NA;NA;NA;NA;NA;NA;NA;NA
jan/07;99,67641986;59,02660099;NA;112,8933214;13,30561223;38,89140252;98,87458396;NA;84,56076868;107,5287891;104,0204546;1927021557;93,68653679;NA;92373,87326;2,800411901;0,892624561;NA;410035,57;1926905,849;NA;NA;NA;NA;NA;NA;NA;NA;NA;NA;NA
fev/07;101,955047;59,11792125;NA;115,3482955;13,10456476;38,29370112;99,49285541;NA;84,30400337;102,6502633;103,1664399;1837586830;97,47066231;NA;93921,8058;2,775954666;0,884895652;NA;414829,4543;1934804,529;NA;NA;NA;NA;NA;NA;NA;NA;NA;NA;NA
mar/07;104,5442805;60,17701275;NA;113,5158136;12,84689837;34,93811225;99,80482204;NA;83,65382729;110,7820992;105,4684652;1740370661;110,6745068;NA;93420,53668;2,735853782;0,891759316;NA;413245,1509;1942076,787;NA;NA;NA;NA;NA;NA;NA;NA;NA;NA;NA
abr/07;108,2957271;60,86297856;NA;115,0908672;13,07092702;34,40835156;101,4758157;NA;83,14911256;108,6504475;106,7048434;1837947343;91,27601276;NA;96512,15866;2,70989953;0,902770783;NA;414082,58;1955623,415;NA;NA;NA;NA;NA;NA;NA;NA;NA;NA;NA
mai/07;105,1664744;61,59764714;NA;116,5163538;13,25842733;34,43529538;101,3129278;NA;84,27641624;113,2383267;107,5270109;1897430205;90,22204161;NA;98531,29565;2,643875071;0,909663139;NA;413643,7929;1959414,295;NA;NA;NA;NA;NA;NA;NA;NA;NA;NA;NA
jun/07;103,2770918;61,67699642;NA;115,8688575;13,68400728;33,98672177;100,6673072;NA;84,32028371;117,1088613;107,2107392;1859711701;92,58472007;NA;100097,9484;2,714510456;0,897319032;NA;411462,9095;1964464,566;NA;NA;NA;NA;NA;NA;NA;NA;NA;NA;NA
jul/07;104,0887636;61,45414678;NA;115,9979287;13,14229717;34,6035183;100,7728908;NA;84,38349572;111,3722529;107,5815631;1837674644;110,1697079;NA;101879,558;2,509052348;0,905145006;NA;409088,736;1970286,885;NA;NA;NA;NA;NA;NA;NA;NA;NA;NA;NA
ago/07;102,9422865;64,58184793;NA;116,6650983;13,00247655;35,43089281;100,3528084;NA;84,90836898;117,5888959;109,3262858;1952218920;100,9005706;NA;103619,2533;2,379917936;0,89965508;NA;404353,9444;1972563,134;NA;NA;NA;NA;NA;NA;NA;NA;NA;NA;NA
set/07;103,1603268;63,74901546;NA;117,2678871;12,60278068;34,37785679;101,5335244;NA;84,74215968;120,5622404;108,4904737;1804852668;97,67457772;NA;104623,7022;2,301512718;0,888051563;NA;407833,1682;1988394,964;NA;NA;NA;NA;NA;NA;NA;NA;NA;NA;NA
out/07;104,9594688;66,05028102;NA;118,2474053;12,50516308;33,58501151;102,3057007;NA;85,4258311;115,3509604;109,2535379;1814748806;103,0631825;NA;106382,8904;2,292960282;0,914878801;NA;410372,7366;2003612,376;NA;NA;NA;NA;NA;NA;NA;NA;NA;NA;NA
nov/07;106,0307589;66,67563739;NA;119,1815267;12,34688338;32,1550197;104,32077;NA;85,40685063;123,4295886;111,6296314;1945673155;103,4222702;NA;107564,6376;2,296370927;0,921553256;NA;413012,8214;2016516,477;NA;NA;NA;NA;NA;NA;NA;NA;NA;NA;NA
dez/07;106,8625876;65,04740894;NA;119,4302096;12,25064632;31,60295851;107,4220787;NA;85,58585985;131,332487;112,7216919;1892838448;108,5963326;NA;108232,1489;2,262561663;0,905442761;NA;416973,966;2030721,149;NA;NA;NA;NA;NA;NA;NA;NA;NA;NA;NA
jan/08;108,267037;66,57270828;NA;119,0286041;12,16808392;32,08931131;107,2007684;NA;85,58566406;128,5603725;114,2162387;1971141575;106,7066161;NA;109042,5282;2,273317566;0,916358134;89,39010326;419415,0641;2044403,181;NA;NA;NA;NA;NA;NA;NA;NA;NA;NA;NA
fev/08;109,5080908;68,06726165;NA;117,2321167;12,00088494;32,57620163;105,4143311;NA;86,87264563;125,2766304;114,3140694;2065190219;105,4118282;NA;110321,7457;2,217873409;0,915041596;88,62541143;423417,5101;2058140,363;NA;NA;NA;NA;NA;NA;NA;NA;NA;NA;NA
mar/08;108,5892026;67,74033686;NA;117,6834179;11,62907528;31,9482933;103,6300888;NA;86,74261837;132,3668677;116,1673028;2024180163;102,0866633;NA;112064,5965;2,190479117;0,911704405;90,60100583;423322,2574;2072675,589;NA;NA;NA;NA;NA;NA;NA;NA;NA;NA;NA
abr/08;106,7979885;70,31188996;NA;118,7864839;11,55597919;31,48141444;106,8806573;NA;86,44573224;118,0550389;113,2808877;1994276048;96,08045748;NA;113584,9422;2,17906328;0,904002716;94,26281156;423997,8953;2084192,48;NA;NA;NA;NA;NA;NA;NA;NA;NA;NA;NA
mai/08;102,2731626;69,63222785;NA;120,2194747;11,43888366;33,31861446;109,506466;NA;86,33723108;111,3717339;110,492204;2028620050;87,16978305;NA;114703,2838;2,282214497;0,871928269;91,2318894;425355,0816;2093555,683;NA;NA;NA;NA;NA;NA;NA;NA;NA;NA;NA
jun/08;108,3173862;70,85548107;NA;122,9879274;11,28492269;34,88515451;111,8883513;NA;87,24378667;147,4769202;118,9915945;2205154486;90,85882915;NA;116268,1761;2,188347956;0,907911499;90,16180453;426654,7742;2107814,875;NA;NA;NA;NA;NA;NA;NA;NA;NA;NA;NA
jul/08;106,1738617;70,7643126;NA;121,7906221;11,29955597;35,24059306;112,3613319;NA;86,8465563;130,1704501;116,2848627;2023385919;83,73944988;NA;116331,9423;2,139170341;0,905630493;93,45370133;426834,3834;2119675,027;NA;NA;NA;NA;NA;NA;NA;NA;NA;NA;NA
ago/08;107,231414;69,9827967;NA;122,4688189;10,96808459;35,36641628;113,6600531;NA;86,15462393;128,3158447;114,6899611;1943085029;92,36951467;NA;119406,5346;2,165597118;0,921147524;94,75581488;425028,2364;2126744,511;NA;NA;NA;NA;NA;NA;NA;NA;NA;NA;NA
set/08;112,904602;70,32772334;NA;125,6585294;10,99694552;34,42999998;115,5185726;NA;87,61302715;139,3596166;119,1131001;2088119141;130,5304524;NA;121600,7329;2,142922452;0,908360534;109,7550309;424187,8733;2135445,425;NA;NA;NA;NA;NA;NA;NA;NA;NA;NA;NA
out/08;104,9345476;68,46558208;NA;122,5771443;10,74340388;32,46991075;115,4133364;NA;84,15695952;135,5634098;117,8959974;2066563642;86,40416771;NA;122623,7573;2,166396865;0,904677655;114,6588001;422932,3173;2137676,427;NA;NA;NA;NA;NA;NA;NA;NA;NA;NA;NA
nov/08;96,63488255;66,26082119;NA;120,6905082;10,63841092;31,16794258;115,6484172;NA;82,82942092;107,1687206;106,8345787;2019708954;96,10871679;NA;125319,6722;2,133462616;0,878398737;115,4226836;420252,9178;2137472,993;NA;NA;NA;NA;NA;NA;NA;NA;NA;NA;NA
dez/08;84,75649412;63,57861738;NA;115,7448505;10,69974973;29,71928058;112,4972378;NA;80,78289202;89,99687351;99,93670659;1818917884;90,82624527;NA;126205,4529;2,376623225;0,890250072;115,4579511;417620,8179;2133777,483;NA;NA;NA;NA;NA;NA;NA;NA;NA;NA;NA
jan/09;89,02888418;68,10661282;NA;117,1063939;10,8158261;28,19390899;115,509656;NA;79,39237411;81,06676813;98,07373101;1924961302;72,15302201;NA;127691,9018;2,58407578;0,849307345;103,4619422;414862,0809;2130647,379;NA;NA;NA;NA;NA;NA;NA;NA;NA;NA;NA
fev/09;91,7455793;69,11147783;NA;119,0049823;10,97536705;27,78288351;116,6286433;NA;78,29655162;89,59166464;98,74681477;1926067130;89,80395654;NA;128950,087;2,730896131;0,842604516;107,7411894;413854,7392;2126037,464;NA;NA;NA;NA;NA;NA;NA;NA;NA;NA;NA
mar/09;94,56537264;69,92681132;NA;122,5533611;11,57274638;29,85856016;117,799059;NA;77,54225989;84,7684919;95,16449184;1952771736;83,11517973;NA;129690,4538;2,857026269;0,861453637;105,5926705;411014,7588;2124130,784;NA;NA;NA;NA;NA;NA;NA;NA;NA;NA;NA
abr/09;99,08458072;68,67521349;NA;121,7163435;11,68089814;30,50751763;116,9180889;NA;77,82340394;87,31517291;95,89090234;2011059411;89,38678354;NA;130906,8891;2,979643201;0,865459971;101,7771583;411055,8945;2124551,443;NA;NA;NA;NA;NA;NA;NA;NA;NA;NA;NA
mai/09;99,3150986;70,87822598;NA;120,9147241;11,84544143;31,19982023;113,5762997;NA;77,45080953;95,89658202;97,26069597;2035065842;91,36768044;NA;130023,4166;3,118797869;0,854702858;91,69059488;409938,0515;2127834,532;NA;NA;NA;NA;NA;NA;NA;NA;NA;NA;NA
jun/09;99,4146439;73,88989349;NA;121,3016704;11,37906761;29,83300987;116,3378107;NA;78,24143079;91,54626409;97,84445569;1969917916;114,8688322;NA;131587,1022;3,221903068;0,878810954;98,12173671;410050,9646;2132227,037;NA;NA;NA;NA;NA;NA;NA;NA;NA;NA;NA
jul/09;100,5718305;69,89457681;NA;120,9597041;11,40943368;29,47545504;116,6412324;NA;78,606264;99,74108077;98,828667;1992607210;82,50899361;NA;132722,1046;3,472402014;0,876833659;98,33541044;410702,6747;2137739,376;NA;NA;NA;NA;NA;NA;NA;NA;NA;NA;NA
ago/09;102,9318563;71,08985493;NA;122,2236982;11,28630239;28,49440367;117,1728566;NA;77,8160127;94,21593221;97,91437882;2006842954;87,78445914;NA;134016,1738;3,541494071;0,904548261;93,98173351;412078,6225;2148056,028;NA;NA;NA;NA;NA;NA;NA;NA;NA;NA;NA
set/09;104,6756897;74,85881676;NA;124,2273226;11,07954084;28,68770508;115,7812218;NA;79,12335368;99,47210802;100,5581753;2008567930;83,39935559;NA;135880,4632;3,641374672;0,896747278;94,1282844;415135,2677;2158685,903;NA;NA;NA;NA;NA;NA;NA;NA;NA;NA;NA
out/09;103,8964618;74,35226015;NA;124,7995973;10,55489569;29,32597285;117,7371343;NA;80,42713493;103,6733343;102,0846095;2085083497;83,4822399;NA;138772,9905;3,626117445;0,894685106;88,60710764;416663,1911;2169239,542;NA;NA;NA;NA;NA;NA;NA;NA;NA;NA;NA
nov/09;105,4317115;73,95954498;NA;124,537256;10,41969797;31,1276757;115,6575914;NA;80,87848132;94,08045398;100,428102;2157716859;77,81818896;NA;140052,5653;3,636462384;0,916205826;86,90512215;419109,9005;2183724,413;NA;NA;NA;NA;NA;NA;NA;NA;NA;NA;NA
dez/09;107,0569459;74,68098918;NA;127,569828;10,26643656;30,68059578;118,0220058;NA;81,24768734;107,1127402;103,7548728;2203010947;82,86490909;NA;141452,0953;3,587231601;0,915353248;86,8600103;420437,0923;2199755,921;NA;NA;NA;NA;NA;NA;NA;NA;NA;NA;NA
jan/10;108,1076252;75,93529104;NA;127,0295206;10,43923887;31,08146732;117,3625555;66,14341441;82,55736876;116,9627533;107,2190496;2256375767;77,20480035;134,298052;143150,7649;3,538094934;0,922291337;89,65703389;421654,064;2217493,298;NA;NA;NA;NA;NA;NA;NA;NA;NA;NA;NA
fev/10;98,46629854;77,05913487;NA;127,0691624;10,07140445;29,87081124;120,2161562;65,0329506;82,64974136;113,960002;105,5101989;1963847180;74,18792256;135,006531;143756,3573;3,515512403;0,928886651;93,51449201;423668,6197;2233144,241;NA;NA;NA;NA;NA;NA;NA;NA;NA;NA;NA
mar/10;104,9558705;82,07682964;NA;130,1457166;9,657469837;29,67808613;121,0032878;65,50748901;83,25106066;109,7087843;106,7077341;2402803928;72,14913248;119,6639952;145090,2398;3,404752105;0,901512297;90,59337127;426876,7078;2257024,547;NA;NA;NA;NA;NA;NA;NA;NA;NA;NA;NA
abr/10;105,02855;77,4597766;NA;129,4390759;9,30986841;27,29644975;121,9302152;67,45278276;82,95799757;112,3847357;107,8445252;2326364783;91,50640994;133,8211483;146293,9979;3,283804888;0,925696314;91,10585232;429300,8153;2277140,218;NA;NA;NA;NA;NA;NA;NA;NA;NA;NA;NA
mai/10;103,4672443;78,63028054;NA;129,2100695;9,090854001;29,07638541;119,9302331;64,20825983;83,7231277;106,0712817;107,1733034;2257874439;87,13669272;136,7654821;146820,7593;3,099637616;0,926533376;90,62901115;431114,582;2294966,352;NA;NA;NA;NA;NA;NA;NA;NA;NA;NA;NA
jun/10;106,3714091;79,16549056;NA;129,5055917;9,038040363;28,90161636;121,5771267;63,08204644;82,92696728;118,513635;108,9458847;2215050338;79,32264323;130,1890044;149555,7768;3,011038391;0,929373569;92,18726041;431601,1165;2309711,173;NA;NA;NA;NA;NA;NA;NA;NA;NA;NA;NA
jul/10;109,5887641;81,49996559;NA;131,4168728;8,48843752;28,72853827;123,0175124;63,24082301;82,95218214;114,3850769;108,5324761;2294690325;85,19539372;134,059564;151277,2305;2,858012316;0,92873077;88,70220486;432697,1393;2325701,685;NA;NA;NA;NA;NA;NA;NA;NA;NA;NA;NA
ago/10;102,7945082;82,08705275;NA;130,0471286;8,48239847;27,66621129;125,2521371;62,1449455;83,78189217;117,2997162;109,3828175;2607195305;75,55495776;127,2316737;153490,9458;2,648875427;0,898990237;89,21702484;435057,2489;2344839,713;NA;NA;NA;NA;NA;NA;NA;NA;NA;NA;NA
set/10;100,1510068;81,98144758;NA;129,312299;8,332915692;26,86682252;125,941205;59,95676586;83,53899968;106,1131449;106,4606158;2328134983;75,81709146;133,4008013;154147,6366;2,661330169;0,916312463;87,44884491;435951,6765;2355275,431;NA;NA;NA;NA;NA;NA;NA;NA;NA;NA;NA
out/10;97,97933541;83,99948145;NA;129,6981901;8,312870369;27,2395678;126,4045931;60,47673741;82,5477271;106,4370083;105,6654269;2174012012;82,60132726;133,1587874;155088,6457;2,638537708;0,905226804;88,43590058;437193,7257;2369654,503;NA;NA;NA;NA;NA;NA;NA;NA;NA;NA;NA
nov/10;109,100059;85,88905539;NA;133,0073612;7,950207076;25,94432189;128,6369297;58,74438236;82,89743274;114,6719926;108,6598144;2169347054;80,33298766;131,8625542;154821,0096;2,550376079;0,903733136;87,11330914;437866,7057;2386905,759;NA;NA;NA;NA;NA;NA;NA;NA;NA;NA;NA
dez/10;106,4649959;84,86626986;NA;132,9301259;7,814499482;26,63578705;128,629684;58,5754966;83,57604484;109,120299;107,4320035;2245986044;79,83101193;135,6860998;156249,9788;2,51603156;0,922709565;84,40569542;439582,1005;2394721,172;NA;NA;NA;NA;NA;NA;NA;NA;NA;NA;NA
jan/11;102,6806903;83,36648015;NA;134,6525731;7,824904227;26,06901915;132,1135378;59,27068957;83,05567667;110,6442526;107,4771855;2194519952;89,22808343;135,6399473;157124,4428;2,511614696;0,911438338;86,82189053;440507,7777;2406459,716;NA;NA;NA;NA;NA;NA;NA;NA;NA;NA;NA
fev/11;106,8603986;90,36059349;NA;135,8608891;7,63765;25,90122251;128,3614621;58,55082551;83,26344524;110,1834256;108,260166;2184318075;88,8195547;129,0615671;158198,9053;2,25925109;0,926742937;87,25602708;441979,5271;2420151,573;NA;NA;NA;NA;NA;NA;NA;NA;NA;NA;NA
mar/11;106,0826509;81,23282296;NA;135,5768017;7,276881895;25,38129488;126,9366956;57,21922581;83,53627816;112,253614;108,6337588;2230577353;92,03976521;126,9609175;159061,32;2,278636085;0,920588323;88,46445418;444936,3926;2428528,697;NA;NA;NA;NA;NA;NA;NA;NA;NA;NA;NA
abr/11;108,6291027;86,03683111;NA;135,0166627;7,207793878;24,12300493;126,1278052;56,9480286;83,39782154;113,1586831;108,5459517;2239044814;84,88798521;120,2852433;160504,1046;2,261334426;0,914225412;87,60468248;445588,6156;2442830,772;NA;NA;NA;NA;NA;NA;NA;NA;NA;NA;NA
mai/11;107,5775928;86,57262815;NA;136,2553072;7,367522774;22,85463405;127,4903763;53,79729958;83,93672572;113,7791815;110,6650648;2207593119;84,7136752;115,8909774;162493,7726;2,343834294;0,928252631;88,68781396;446260,8748;2453621,707;NA;NA;NA;NA;NA;NA;NA;NA;NA;NA;NA
jun/11;106,9676431;86,64184749;NA;134,832832;7,472218483;21,95353704;127,1634472;55,2698402;82,80499845;103,7607901;106,0164414;2243496162;85,75141717;117,1265826;165303,2891;2,396063527;0,921328038;85,9072754;448139,9335;2465355,138;NA;NA;NA;NA;NA;NA;NA;NA;NA;NA;NA
jul/11;108,8920523;87,04241674;NA;135,9509839;7,675796424;22,35987664;128,6855949;56,73581553;82,59813379;106,1255201;106,584656;2289287393;83,4913273;133,1072418;167598,1568;2,462086949;0,920760692;84,40981199;449010,2392;2475886,381;NA;NA;NA;NA;NA;NA;NA;NA;NA;NA;NA
ago/11;104,1213532;86,1225928;NA;135,2162617;7,526250988;22,93816278;129,1633925;53,71185088;81,94835601;101,5257836;105,0913006;2391482429;83,95933176;122,3052862;168688,201;2,44515687;0,924327021;82,67809402;448945,8983;2483143,226;NA;NA;NA;NA;NA;NA;NA;NA;NA;NA;NA
set/11;104,1437018;85,32555927;NA;136,2992739;7,558299334;23,04235482;130,7194649;53,29988593;81,81617491;106,891291;106,3995899;2297009659;93,33257435;118,7500846;171175,2368;2,481823165;0,924641884;93,58012312;448571,7925;2489019,5;NA;NA;NA;NA;NA;NA;NA;NA;NA;NA;NA
out/11;105,0687707;84,97943229;NA;136,8279779;7,151368524;23,17832944;129,7735503;52,41302934;82,23046206;102,0872418;105,0157221;2343409087;94,50179916;132,6077971;173113,1906;2,549759544;0,935188456;89,57133466;448276,676;2499692,699;NA;NA;NA;NA;NA;NA;NA;NA;NA;NA;NA
nov/11;102,8424777;86,21352338;NA;136,9021869;7,112502239;22,79348846;130,0021659;52,08239681;82,41091163;101,9321094;104,7750591;2333420849;93,44028902;122,0943515;175359,3128;2,739811924;0,942922835;88,1165248;448837,2189;2507063,043;NA;NA;NA;NA;NA;NA;NA;NA;NA;NA;NA
dez/11;109,824886;90,02718666;NA;141,3747444;6,849084695;22,49581509;128,2992187;52,49073851;83,20671097;105,3801881;107,4126705;2387517920;92,80086724;113,3709118;177801,9283;2,740950121;0,920390461;90,29947389;449374,1656;2512424,09;NA;NA;NA;NA;NA;NA;NA;NA;NA;NA;NA
jan/12;103,8989049;89,58341797;95,98137026;135,3707497;6,951235032;21,00412197;128,8791029;53,01311647;83,92954963;97,67790921;105,6543522;2372810248;95,0491575;114,7629496;180114,231;2,782182489;0,929275792;87,46151706;448937,0988;2515005,251;NA;100;100;100;100;100;100;100;100;100;100
fev/12;94,21122252;88,66325653;94,89227579;124,9791731;7,340900503;20,76187099;125,3330385;53,67276741;81,08048108;92,96076015;103,5152718;2029910129;89,88988276;114,4143882;182237,0635;2,894332881;0,926512389;83,62635073;447428,298;2513977,354;NA;100,6;100,79;100,41;99,35;99,85;100,86;100,66;102,59;99,7;100,45
mar/12;101,2050824;90,46332711;97,96691982;125,5133806;7,500994295;21,15329423;129,5930632;53,30483623;82,10825069;100,1047093;105,5264628;2600056999;144,7038073;119,7983571;184548,1601;2,840053844;0,919889153;81,50701481;445349,2499;2511247,07;NA;100,7006;101,062133;101,263485;99,042015;100,18949;100,920516;100,579472;102,836216;99,62024;100,61072
abr/12;98,0293504;90,09668949;95,24319944;126,4106751;7,645112859;22,1142316;131,3613027;53,31500069;81,69044563;97,9924219;103,7674627;2353563613;76,03886919;125,3597661;186207,1818;3,063555258;0,92142955;96,51728663;446764,7507;2518554,451;NA;101,3853641;101,7998866;101,030579;100,5969746;99,7386373;102,7169012;102,8123363;102,9801867;100,3673918;101,3451783
mai/12;100,9374632;91,65242094;96,43352474;137,2141275;7,065197992;22,95288179;135,10687;54,81851298;81,80865665;96,26014367;104,7011318;2342727637;68,17462072;125,578405;187281,0086;3,0662967;0,918370508;101,8652969;447744,209;2523518,045;NA;101,8010441;102,5328458;101,3942891;102,7899887;99,33968275;103,4359195;103,1002108;103,1140609;100,8491553;101,7809625
jun/12;97,4570837;98,85189403;97,5850597;137,9279075;6,963492455;23,14240617;133,5542324;54,68497805;81,33678963;97,21938496;103,0524798;2336002205;79,04622441;134,8558052;188339,0483;3,058318279;0,92425125;104,7995751;447675,3764;2528398,427;4222,737085;103,0430168;102,3585399;100,8568993;102,6871987;97,94892719;103,7565708;104,0384227;103,1553066;100,7785609;101,8623873
jul/12;99,08261815;93,99042728;94,52858711;137,8138445;6,728978015;23,78146858;133,0811358;54,23970371;81,91996746;101,3873823;105,3888899;2414265910;79,47035769;128,5711833;186962,1332;3,055885684;0,933657927;101,3844926;449372,7311;2537015,627;4267,668719;104,1455771;103,2490592;100,7560424;102,8720357;98,37010757;104,1300945;105,4013261;103,2687774;101,0607408;102,534679
ago/12;101,8482862;100,2379333;97,069894;141,1042747;6,74411244;22,17184339;130,8672387;53,3010833;82,46913583;100,4105963;105,1306377;2100036245;80,38776585;136,6007924;187170,2812;3,10718764;0,918158731;100,4509417;450485,5068;2543348,408;4309,023343;105,8223209;103,5278317;101,733376;102,5016963;98,54717377;104,8485922;105,2748445;104,569964;101,1213773;103,1498871
set/12;101,2755991;90,65131458;95,48214164;139,1656116;6,771437414;21,09077939;128,5808154;56,08756879;82,56858675;100,3875899;103,6999333;2237357135;72,97110513;136,8530269;187078,6755;3,065464238;0,944685287;97,67117633;450658,7367;2547462,165;4321,83447;107,4202379;104,3353488;101,9673628;101,9276868;98,57673792;105,1107136;106,285483;104,9255019;101,0910409;103,7584715
out/12;98,3237621;96,9443458;96,25938164;139,536279;7,006956792;20,08532421;130,2597792;56,55566047;82,47623879;102,5464596;105,7562463;2406860128;71,54736699;132,3396181;190174,5756;2,995542971;0,943155593;95,25142264;452180,6345;2550143,443;4335,243981;108,365536;104,5022853;101,9775596;102,7227228;99,148483;105,3629793;106,6468536;105,1143678;101,3639867;104,266888
nov/12;100,8054096;94,57313546;96,09625345;139,5384734;6,996817849;19,6078018;131,3646328;57,4353399;82,18634637;101,3928441;105,1876231;2632490068;76,83588491;132,0784063;191442,9922;2,967778584;0,941524871;95,40887306;452223,7204;2554862,677;4390,764813;108,6147768;104,2723803;102,0897349;103,5753214;99,77311844;105,5737053;107,3613876;105,335108;101,9620342;104,6213954
dez/12;99,27818108;95,74959678;96,71000179;139,5424141;6,86118758;19,35078024;133,4796132;55,83742371;81,61054523;110,6248165;107,5440044;2412498329;77,9815247;135,0747589;191736,2998;2,985735625;0,940595548;93,22253601;451454,4849;2563790,384;4460,536395;109,8095393;104,6477609;102,7737361;105,0460909;99,54364027;105,9537706;109,0576975;105,5563117;101,8396798;105,270048
jan/13;102,9418789;94,67591678;95,2225241;141,5458707;6,736024132;17,90051363;133,1738303;54,96546843;82,10300458;112,5629831;107,4253458;2408210227;78,76843782;135,4609715;192930,8755;2,958504972;0,915493905;90,6778254;453744,0898;2573407,995;4535,967069;111,8849396;103,9047618;103,7706413;103,6384733;100,2802632;106,8967592;111,5878361;107,4879922;101,8600477;106,1964245
fev/13;105,4175207;95,48228791;96,96684471;140,957647;6,520200891;19,57818365;134,2691543;56,84367301;82,03267572;115,2395754;108,6775941;2452316715;85,55815751;137,6812725;196246,768;2,874527327;0,948088388;95,18886898;452935,148;2581713,947;4601,762067;113,0932969;100,6005903;103,4178211;103,6384733;101,8446353;107,3243462;112,1234577;111,1318351;102,0026518;106,5893512
mar/13;104,1484408;97,47769827;96,34284524;139,7877717;6,44262213;20,1258197;135,2725365;55,09650012;82,58851354;110,6181304;109,0137981;2361396481;97,04446635;143,9873457;199067,409;2,865234758;0,90936072;97,89113681;454973,6239;2591784,306;4673,078935;113,4891235;100,9325723;103,5315808;103,9597526;102,1298003;107,7107139;112,5607392;111,7986261;102,3698613;106,951755
abr/13;108,3705858;98,8756271;101,0834621;143,263538;6,401087105;20,22339697;135,1109096;54,55154056;83,38998951;114,4575844;110,7518901;2470509462;97,22661532;136,9605669;200810,8021;2,765693213;0,938237795;98,61162194;455878,2468;2599539,841;4722,451052;113,1032605;101,6996598;104,2355955;105,1241018;101,772346;109,5848803;112,4594345;111,809806;102,1753586;107,2084392
mai/13;107,2182546;95,44625495;98,38739513;144,014787;6,359134715;19,95072233;135,6813103;54,5410978;82,75482573;103,579406;108,6992395;2577795879;99,85352914;139,7460502;202525,8591;2,741991568;0,949580396;96,7179067;455589,943;2605238,431;4754,136708;113,7027077;102,1979882;105,6010818;106,8481371;101,6196875;110,2533481;113,0554695;111,8433489;101,9812254;107,7015981
jun/13;110,7530185;99,93488194;96,57013243;145,5058425;6,442519809;20,3199922;135,133799;54,00417427;83,70772803;115,8471713;111,5600877;2516428061;187,3251798;136,4333189;204317,3406;2,709995712;0,936795533;94,74755831;455944,7745;2613498,995;4795,506432;114,2029997;102,0957902;106,0340462;107,8631944;101,6603353;110,2533481;113,1006917;112,1341416;102,2361785;107,9385416
jul/13;110,9478541;102,1034298;99,16371682;147,0991984;6,461403484;20,13170863;135,3275835;50,9151972;82,86336342;111,6463695;111,3201221;2513961203;83,27772148;136,2655989;205266,0019;2,673152892;0,936234407;103,1574696;455049,0487;2618545,184;4828,261689;114,6826523;103,0861193;106,4581824;106,2344602;101,1317016;110,7164121;114,2090785;112,0107941;102,2464021;108,1436248
ago/13;109,046416;102,3275747;99,95267244;147,4909049;6,353168263;22,34052526;134,9790825;52,35943173;82,6031577;110,055636;110,9702109;2553725478;117,6214699;127,4111647;207062,9692;2,614884401;0,929655274;108,4729796;455780,7467;2626699,877;4891,793083;115,6345183;103,8901911;107,5547017;105,7564051;101,0811358;111,2478509;114,8486493;113,1421031;102,2055035;108,6627142
set/13;111,070383;101,891386;97,98928888;147,8185268;6,071845585;21,04161165;135,1791738;53,65777125;82,17343355;110,7657133;110,6849602;2511044231;104,022144;120,4221695;206461,7782;2,640840408;0,914372784;102,225505;457409,359;2634987,953;4936,853946;117,4846706;104,2745848;108,0064314;106,6976371;101,5157846;111,7484662;115,0783466;113,4136442;102,3383707;109,4342195
out/13;109,881919;101,603575;98,84459779;149,1224842;6,06373769;21,00277011;137,4964005;51,72777463;83,06488873;113,6313072;111,595018;2549552940;199,3259944;120,6497008;207536,9981;2,617103036;0,909904394;83,23245762;458227,8792;2639270,701;4990,515089;118,6125234;105,233911;108,1684411;106,9963905;101,7086646;112,1619356;115,4811208;113,1641341;102,696555;109,992334
nov/13;108,1356441;103,9698745;99,09756939;149,0547708;6,123702216;19,37742881;137,4720176;52,68212179;82,13809044;108,8252138;108,6836049;2629200215;179,7845655;122,0567278;209611,7187;2,568022076;0,910880653;90,06103542;459469,0626;2642848,492;5028,174007;118,8497484;106,9176535;109,3258434;107,8951602;101,8612276;112,5432862;116,4511622;113,379146;103,2203074;110,6082911
dez/13;99,64941776;101,8521085;99,58357865;144,3735115;6,361373127;20,10908633;137,9871878;52,00349804;81,5894151;105,0830755;107,231016;2479529801;83,44729322;126,0507293;210516,6802;2,51898173;0,931605932;95,68755098;459784,9517;2642562,741;5090,883448;120,0739008;107,3025571;108,626158;107,9598973;103,2669126;113,3873608;116,8121608;113,4244977;104,0254258;111,3714883
jan/14;106,8035774;104,8594233;99,4314397;146,6846266;6,088639022;21,48371788;138,7565369;50,88181092;81,28971872;107,7680198;107,3446494;2524420075;84,21012616;141,7157928;211014,0871;2,49316545;0,933608293;98,84431976;458384,3923;2651777,204;5167,829075;120,5782112;107,7854186;109,2453271;107,4740777;103,1223389;113,3646833;119,6039715;116,9973693;104,0254258;111,95062
fev/14;111,9116869;108,5130469;102,7830466;148,3535884;5,905133895;21,30944074;138,2431508;49,33940006;81,7218374;106,9793489;109,6965089;2561882967;92,14712786;127,8244483;211374,6698;2,474047288;0,910528319;97,26741237;461650,9866;2691387,853;5163,695753;120,6746738;108,5830307;110,4142521;105,7437451;103,0914022;114,2942737;121,3501895;120,6944862;104,0150233;112,4543978
mar/14;102,0885388;94,58328187;99,5447366;144,9508983;5,988385425;21,20499924;137,8245328;50,09846523;80,32714659;101,9254595;105,5054778;2510001429;84,92499516;120,9581582;210317,0619;2,456522066;0,929300105;96,67479745;460187,4957;2697378,333;5122,127776;124,2225092;108,5070226;111,0988205;105,7014476;103,6480958;114,9343217;121,4594046;120,8634585;101,8203063;113,4102602
abr/14;101,3321406;101,8728259;103,6105459;144,140153;6,022971704;20,41976431;136,3538266;48,91364669;80,52364514;98,54288999;105,4250444;2409917758;95,10254551;121,071392;211986,0668;2,468119826;0,926178538;98,17194254;460446,6683;2707707,409;5056,829673;125,6759126;109,6137942;112,2542482;107,5300826;104,6431175;116,6813233;122,0545557;121,1051854;101,9119445;114,5670448
mai/14;101,7819108;102,0903021;99,6750062;144,3505616;6,11212296;20,05194247;133,1973606;46,76944863;80,35274327;102,9115886;106,853954;2446606649;92,08110136;110,5503557;213954,9655;2,506243143;0,899463299;99,22153691;462696,2164;2710342,162;5081,661455;126,4551032;111,4224218;113,2869873;108,9064677;105,3023691;117,6264421;122,384103;121,1536275;102,0138565;115,4262977
jun/14;94,95858506;92,39415443;96,94282575;138,5373985;5,596134888;20,60896757;130,2387742;45,63987651;78,8134381;91,13509814;100,5948225;2543313770;97,00387322;107,505558;217297,9702;2,526282553;0,908027823;101,6293863;463146,0992;2709022,939;5146,362114;126,3033571;112,1243831;113,7288065;110,3004705;104,9654015;118,3322007;124,9052155;120,838628;101,922044;115,853375
jul/14;99,31759342;97,59927111;99,62067282;141,4604311;5,507867319;19,36452805;130,8210817;44,3781246;81,68560036;98,26790448;102,8711396;2317949859;90,68130938;117,2588822;219650,3039;2,505443612;0,898021752;99,24214535;464563,5099;2709313,267;5199,43905;126,0886414;113,7053369;114,7864844;109,6938179;104,6295123;118,5333655;125,0176302;121,1165569;101,7793532;116,0039844
ago/14;103,2621122;99,05184479;97,99112118;143,2906374;5,761024831;18,39719784;132,8415247;44,14449963;80,64327714;99,02363889;104,1387827;2554437382;91,23936535;120,8977129;221084,0712;2,56421889;0,898294925;99,0215921;464674,9116;2709815,059;5226,017199;126,5173428;114,3761984;114,7635272;109,1124406;104,3574755;118,9956456;125,2176584;122,3519458;101,9422001;116,2359923
set/14;109,7580711;102,3868515;99,43474758;145,9053187;5,864938783;17,96199337;131,3194404;43,21938917;81,92772868;97,78748779;106,2526756;2721039271;97,21295681;127,0229611;222762,2583;2,573119566;0,915312192;100,9243307;462774,3229;2714763,945;5266,138889;127,6559989;114,536325;114,499571;109,0906181;105,1401566;119,3169338;125,4931373;122,5721793;102,309192;116,7590543
out/14;104,2322052;99,32947694;103,1917018;144,9553961;6,435704964;20,88855439;128,0515704;45,16260232;81,37943069;99,54938268;106,1194108;2611164972;84,51847438;129,3026193;223527,0171;2,652829929;0,907578502;99,37177533;461774,6531;2713599,099;5288,179291;128,8431997;115,567152;115,3926677;110,6178868;105,8445956;119,4123874;126,3715892;122,8050664;102,3808085;117,5880436
nov/14;103,6446818;102,8093879;99,4761508;145,7503359;6,195604912;21,99528726;128,0642632;43,80939253;82,36294226;95,27249766;104,4086274;2628437303;76,95152362;121,7088569;223062,8105;2,6474319;0,910542794;102,2174577;461200,0962;2726960,127;5346,361883;129,2426136;115,8791833;114,711851;110,7285047;106,5008321;119,8183895;126,8897128;123,2226036;102,5958082;117,9525665
dez/14;97,95575983;97,41372474;98,49175915;144,1105306;6,325214331;22,79382779;127,024716;44,04437569;78,15087067;86,5044024;100,6874327;2814810681;94,4214467;111,5921099;223638,0052;2,653794942;0,903742091;99,98006285;457821,6784;2684743,584;5315,166091;130,1473119;118,4169374;115,021573;111,7582798;107,4060892;120,2377539;127,5114724;123,0624142;102,6471061;118,896187
jan/15;94,37760409;96,74178634;99,5092181;143,1030532;6,074131455;22,25777775;128,3088017;44,11134841;78,82026859;87,56611139;98,78323121;2607463331;95,16925094;109,3963304;223849,9715;2,713023539;0,901963813;92,22857863;459327,9606;2682560,138;5294,429706;132,463934;121,9812872;114,7915298;111,8923897;107,4490516;120,7427524;129,8066789;124,9698817;102,5855178;120,3110517
fev/15;93,57520025;93,00080431;97,66244008;142,4446049;6,111784048;22,0856103;127,5516686;37,04457122;77,34350825;81,32404774;96,82065199;2521177990;91,34787023;107,15664;223810,3362;2,875577214;0,893074455;101,7233864;456419,2866;2677835,132;5291,007893;133,0202825;123,4328645;116,0542366;110,3818425;110,7799722;121,5275803;131,0268616;129,881198;102,2880198;121,6705666
mar/15;96,11670682;91,87815863;98,51625135;145,2326208;6,314713896;20,32960058;125,94638;34,18279734;79,39887039;89,23563917;100,8414335;2530443487;100,4908511;100,0039915;223995,2976;2,833909283;0,889195533;112,8699343;456789,1459;2674818,259;5367,165615;134,5633178;131,9127023;116,6229024;110,4922243;112,6410758;122,4390372;131,6557906;130,2838297;100,6207251;123,7267991
abr/15;94,35023649;90,25619335;97,04259325;142,5521267;7,202122782;21,7124803;125,4289651;38,26859595;78,76951044;91,12577479;97,52110535;2561026406;115,3158554;96,79148801;222081,0525;2,875792933;0,915016065;103,4721997;455273,4009;2665685,632;5407,28501;135,8416693;132,1369539;117,6141971;111,0667839;112,3031525;124,496013;132,3404007;130,2838297;100,9728976;124,3949238
mai/15;91,55108375;89,56230533;96,14370434;138,8380961;7,708598745;22,26576368;124,266724;39,09687653;78,89422983;84,04396001;95,71330308;2520525961;96,58816494;94,7844923;220884,3278;2,89983443;0,889910698;102,3783561;455305,7375;2658329,171;5452,645885;136,6703035;133,9208028;118,3786893;112,4551187;114,0326211;125,6164771;133,8226132;130,5183406;101,1748434;125,6139941
jun/15;85,9547486;85,73666867;95,09809857;134,9807833;8,36261478;21,90574301;124,231778;39,32238477;78,82829096;84,83282024;95,25794;2500625936;99,28912513;86,89530584;218196,1059;2,834299387;0,877519578;100,4454404;454954,9706;2650165,702;5478,043253;138,4470175;134,0815077;119,7163685;114,175682;114,9106723;126,4957924;135,8299524;130,4400296;101,2456658;126,7193972
jul/15;95,24539578;85,55137063;96,05208984;137,8890125;9,133310439;22,58680612;121,1579345;38,93317553;79,2094087;81,92285036;94,60666637;2453017503;103,8605457;82,84638694;216608,6982;2,92084488;0,878388929;101,4925791;454065,2019;2640860,709;5493,248266;140,9529085;135,5832206;121,6318304;113,8674076;115,9563594;127,3433143;136,0336973;130,5835137;101,3165378;127,9232315
ago/15;90,39488179;84,3543578;94,26752856;136,2329329;9,479170205;22,58262418;120,7406851;37,62064405;79,23927453;80,82391814;93,41368213;2412900486;106,8482935;80,05287895;216817,5728;3,056886022;0,886513173;107,5127529;452175,3426;2629874,346;5491,948675;142,094627;135,4069624;122,7630065;112,3757446;115,7360423;128,2983891;136,9995365;132,0199323;101,4583809;128,3453782
set/15;88,09375732;83,10786001;94,80764762;135,125347;9,863071015;22,8610771;118,7259146;36,48372531;78,2495065;81,78207055;94,14318981;2712372895;124,4824663;73,49451672;213870,6543;3,102891405;0,885944664;108,0897449;450870,0479;2619201,378;5404,797176;142,7198434;137,3568227;123,069914;112,81401;116,0716768;129,0553496;137,6160345;132,4952041;101,4583809;129,0384432
out/15;88,71651673;83,34885445;94,08710094;134,7301566;9,968255249;23,73536525;117,1566674;35,52215006;77,80471235;77,94887275;91,24715006;2429539809;115,7641059;70,28623689;211052,9764;3,161978468;0,896277247;113,7137735;447834,1131;2606235,532;5439,377461;143,2764508;137,7688932;123,1929839;113,7052407;118,3118602;129,4941378;137,9463129;132,7469449;102,3410688;129,8771931
nov/15;88,2082013;81,09700104;93,19956033;133,7422333;10,04374313;24,61342306;114,2769578;35,85740304;77,51805907;78,00591914;91,78184629;2412788872;118,4946938;68,06387428;209237,4063;3,234828299;0,880212218;104,4665556;446028,03;2596862,728;5462,537113;146,1276522;139,1879128;123,9075032;114,5011774;118,6431334;130,5171415;138,05667;132,9460654;103,7738438;131,1110264
dez/15;87,0376577;80,7920165;93,9778481;135,0679296;9,927830299;26,37903159;112,1881075;38,01895347;78,28058532;72,43954028;91,56192948;2421111279;101,2412441;69,76458747;208292,6772;3,309842199;0,856215013;101,9016397;445625,6;2586298,31;5473,957125;148,1442138;139,8838523;124,0314107;116,2644955;119,877022;131,2219341;138,553674;133,1587791;103,9606367;132,2123591
jan/16;92,58955662;81,91281108;92,4330237;135,3012515;10,30396292;27,77185306;110,239853;38,09876785;78,03779893;77,61694109;92,34175925;2438409082;101,0396328;73,64363169;206097,1393;3,352593857;0,882000367;103,4787563;446617,986;2582282,934;5489,817806;150,0108309;144,0244144;125,5694002;116,1017252;123,2695417;132,0223878;140,0639091;133,4517284;105,5096502;134,3013143
fev/16;85,90165651;83,15077917;93,61316152;130,5002671;10,60838818;28,63670793;106,614272;38,6011046;78,59429272;78,06764152;91,57928696;2641395801;104,4802903;64,71231025;204322,7843;3,379319123;0,884147376;102,9273051;447190,041;2580215,004;5490,365934;151,9909738;144,5573047;127,0134483;116,7054542;123,2448878;133,4746341;141,1984267;140,9784059;106,2693197;135,590607
mar/16;86,69102115;80,37519017;93,22254329;133,4188929;10,77093597;29,67699738;108,7869403;39,29005925;78,77166953;78,5822459;91,38957025;2667182358;108,8700015;62,67276965;202610,9914;3,414043191;0,87959851;96,09479429;446281,433;2569856,345;5515,856795;154,4988249;144,326013;126,74672;117,0205589;123,6392714;134,3555667;141,5655426;142,6137554;103,4319289;136,3092372
abr/16;86,35710281;79,79704859;92,75091464;133,3296876;10,34661825;30,58602784;109,3939562;38,95659696;78,54616468;76,27333232;89,40241639;2586345215;106,7629712;63,20590661;200914,2441;3,449233708;0,885671582;95,63017772;445586,2671;2561966,18;5545,966682;155,9047642;143,5177873;128,3183794;118,6939529;124,5418381;138,6415093;141,8486737;142,6708009;106,0384135;137,5360203
mai/16;86,2279102;78,88756135;90,60939285;133,7013054;10,08157938;30,814329;112,571927;42,48786558;77,88683999;80,13579578;89,18678091;2560750682;113,2301283;65,8991894;198580,1421;3,354206743;0,878478574;94,35575357;443838,9696;2555483,319;5587,64962;158,5239642;143,6182498;129,6272268;119,9995864;124,4795672;140,6518112;144,5012439;143,1844158;106,0066019;138,8288589
jun/16;87,82350861;79,62384831;92,08545427;134,2820992;10,11889858;33,77457638;109,4609942;46,19917886;79,30859113;81,08216522;90,20185326;2380114545;109,0016226;62,22196351;193770,5436;3,366580683;0,906710776;93,61632411;442692,565;2551426,444;5583,580248;159,712894;144,0347427;129,3679724;120,4915847;123,3219072;141,0315711;144,6023948;143,3991924;106,0914072;139,0232193
jul/16;87,22337072;78,64446897;89,52454862;133,3959644;10,13660548;37,06368138;107,7523738;51,51892383;77,44589296;75,82843959;87,80415073;2567210902;110,568346;57,92255922;195269,1763;3,324229962;0,888259889;93,58429809;441801,8308;2548559,993;5587,757312;162,4120419;144,8269338;129,7948867;119,7927335;123,5808832;141,8636573;145,3687875;143,470892;106,0277524;139,9685772
ago/16;86,859017;76,62311164;90,97349808;133,5844571;10,46925894;39,09214104;102,7915704;52,63257435;77,68725378;77,7418259;88,925031;2520763838;106,480814;59,19529468;194445,5218;3,312822746;0,884241477;89,47380709;442427,3568;2547823,284;5609,476519;163,0292076;145,5510685;130,015538;119,3854382;123,9269097;142,8850757;146,4445165;146,8424579;106,0171496;140,6264295
set/16;87,4616847;75,3207455;90,78907974;133,2722951;10,73714695;40,67086019;102,8090884;55,13362085;77,62014776;75,59651932;86,50794723;2492850072;81,9693842;60,68251786;194438,3893;3,339774938;0,857210725;87,07815216;442883,2971;2543741,299;5620,826025;161,5619448;147,2103506;129,5734852;120,0898123;124,9926811;143,3423079;146,9277834;147,0920901;106,2397856;140,8795571
out/16;86,62303772;76,02798794;89,18224382;133,0372355;10,64973571;40,3897616;103,9886491;53,80210631;77,95062869;75,28030814;85,91485273;2500163845;101,1066687;61,14484247;194385,6525;3,344087407;0,875206132;89,12309546;444423,3712;2541440,306;5620,094731;161,998162;146,8570458;129,7030587;121,518881;124,755195;144,2453644;147,089404;147,224473;106,4097693;141,1190523
nov/16;85,42726282;75,55063097;89,59764758;132,5496114;10,68304827;39,50881936;104,2051759;53,68919302;77,91072493;78,26237313;88,75718172;2463050103;133,9041157;61,99815003;195711,0769;3,362015502;0,879982642;87,72622116;444286,449;2535718,648;5634,064683;161,4311684;147,1213885;130,351574;122,2601462;125,6160059;144,7790723;148,2072834;147,4158648;106,3352824;141,4577381
dez/16;91,96282122;75,15980376;88,3046212;133,3924;11,0950541;37,42623669;103,6901657;50,71402686;77,28630322;80,69724887;92,61015701;2508693864;118,3760343;62,39524325;193200,674;3,359743438;0,838901408;91,17060307;445099,3022;2532609,87;5652,766826;161,366596;143,2079595;130,2472927;123,3238095;126,8470427;145,1989316;149,4670453;147,3126737;106,4309842;141,3870092
jan/17;87,13969653;86,27256384;89,42575171;135,8088994;11,24062553;35,16008875;100,8280967;51,70394766;78,41671621;74,75213419;89,133482;2700740907;119,6136782;62,23678268;193076,0252;3,359654526;0,872370552;NA;443606,906;2529004,92;5664,991116;162,6252554;143,4800547;130,1300701;121,6342733;126,1113299;145,7506875;150,2293273;147,5778365;107,3462907;141,6415058
fev/17;90,65939885;86,70985026;87,53588722;140,5223875;11,28607381;32,40611189;98,91547548;55,14844765;78,40177803;76,37009376;90,49623625;2496353705;109,6880503;60,41441761;193369,2946;3,399541793;0,874241131;NA;444005,862;2531628,263;5681,969613;161,7308165;144,269195;131,0149546;120,4544208;125,1907172;147,3830952;151,0105198;156,2701711;108,0977147;141,9814454
mar/17;89,93416717;87,29307308;85,00104258;140,0215035;10,85927113;36,00380903;98,87311301;57,02755951;78,11909378;74,20483908;88,66588887;2543230244;108,6098935;65,03840518;193746,7833;3,291125723;0,880207045;NA;444142,3767;2522786,053;5688,748092;162,7335476;145,6397523;130,0454439;120,1894211;124,0389626;148,0021042;151,0407219;156,5983385;107,1896939;142,1518231
abr/17;87,41104803;87,77063663;85,7183042;137,2629845;11,10404699;38,39330548;96,9927225;56,22061538;78,35585784;78,5237587;89,51535905;2714823120;116,6640569;69,04765133;195410,408;3,516295434;0,856434944;NA;443457,677;2519081,641;5681,876871;163,9215025;143,8046914;130,3445485;121,1268986;123,8901158;149,3489234;150,9198893;156,8645556;108,2937477;142,4361268
mai/17;90,2717345;87,28267887;89,82083037;136,5376871;10,95757734;39,32417832;100,1458279;56,03608993;80,13989839;75,90944398;90,00452349;NA;NA;72,00946345;196494,1918;3,51229268;0,887912191;NA;442357,7353;2515735,049;5675,679126;163,3805615;146,6520243;130,2272384;121,9384488;125,5502434;150,2002122;151,372649;157,3351493;108,1529659;143,2337691
jun/17;88,75839121;88,60205807;89,14271167;136,0130955;10,78529044;39,27465682;96,29131414;52,61586851;78,6027742;77,80590182;89,5692806;NA;NA;75,51837383;198213,003;3,416317984;NA;NA;440479,6991;2512083,567;5677,888588;163,7726749;144,598896;129,5240113;123,7187502;125,5376884;150,7709731;152,0084141;157,8228883;108,2178576;143,2910626
jul/17;87,65483354;88,89617673;88,90125355;136,7259209;10,18032224;40,0834431;NA;54,35857719;78,4588053;83,75720399;91,1297833;NA;NA;78,56394596;198004,791;3,610279708;NA;NA;442260,6271;NA;5672,139797;163,5925249;146,2762432;129,1613441;122,4691908;124,2320964;151,1479005;152,783657;157,9333643;108,1637487;143,2337462
ago/17;NA;NA;NA;NA;NA;NA;NA;53,94462857;NA;NA;NA;NA;NA;78,6068816;NA;NA;NA;NA;NA;NA;5657,061569;161,5639776;147,9291647;129,5617442;121,6364003;127,3627452;151,9338696;153,3489565;157,0015574;106,8766001;143,6061539
