date;month;quarter;year;s_1001;s_1002;s_1003;s_1004;s_1005;s_1006;s_1007;s_1008;s_1009;s_1010;s_1011;s_1012;s_1013;s_1014;s_1015;s_1016;s_1017;s_1018;s_1019;s_1020;s_1021;s_1022;s_1023;s_1024;s_1025;s_1026;s_1027;s_1028;s_1029;s_1030;s_1031;s_1032;s_1033;s_1034;s_1035;s_1036;s_1037
01/jan/91;1;1;1991;;;;;;;;;71,59686207;40,51713859;52,52295093;;;;;;;;;;;;;;;;;;;;;;;;;;
01/fev/91;2;1;1991;;;;;;;;;71,70772238;35,97445946;49,3106847;;;;;;;;;;;;;;;;;;;;;;;;;;
01/mar/91;3;1;1991;;;;;;;;;75,4681758;42,45678678;56,20403131;;;;;;;;;;;;;;;;;;;;;;;;;;
01/abr/91;4;2;1991;;;;;;;;;77,61540691;56,70793288;65,00339438;;;;;;;;;;;;;;;;;;;;;;;;;;
01/mai/91;5;2;1991;;;;;;;;;78,81537721;59,51049237;68,71820132;;;;;;;;;;;;;;;;;;;;;;;;;;
01/jun/91;6;2;1991;;;;;;;;;78,99871156;52,54977148;66,58448045;;;;;;;;;;;;;;;;;;;;;;;;;;
01/jul/91;7;3;1991;;;;;;;;;79,30080339;55,5004871;67,67804224;;;;;;;;;;;;;;;;;;;;;;;;;;
01/ago/91;8;3;1991;;;;;;;;;78,72081108;50,31201785;64,17245009;;;;;;;;;;;;;;;;;;;;;;;;;;
01/set/91;9;3;1991;;;;;;;;;77,38099085;48,90766061;64,73902168;;;;;;;;;;;;;;;;;;;;;;;;;;
01/out/91;10;4;1991;;;;;;;;;77,67678493;48,21946401;64,42878324;;;;;;;;;;;;;;;;;;;;;;;;;;
01/nov/91;11;4;1991;;;;;;;;;75,3249271;43,87994827;59,07046583;;;;;;;;;;;;;;;;;;;;;;;;;;
01/dez/91;12;4;1991;;;;;;;;;73,44759935;43,44837146;54,98263929;;;;;;;;;;;;;;;;;;;;;;;;;;
01/jan/92;1;1;1992;;;;;;;;;74,76512756;41,78380805;56,93074088;;;;;;;;;;;;;;;;;;;;;;;;;;
01/fev/92;2;1;1992;;;;;;;;;74,53221096;43,06458069;56,81102779;;;;;;;;;;;;;;;;;;;;;;;;;;
01/mar/92;3;1;1992;;;;;;;;;76,47531516;52,34035617;63,36206738;;;;;;;;;;;;;;;;;;;;;;;;;;
01/abr/92;4;2;1992;;;;;;;;;77,19795639;55,72027383;64,96353853;;;;;;;;;;;;;;;;;;;;;;;;;;
01/mai/92;5;2;1992;;;;;;;;;77,42457524;53,58352032;65,82261097;;;;;;;;;;;;;;;;;;;;;;;;;;
01/jun/92;6;2;1992;;;;;14,8;20;69,6;;77,23594279;49,89982686;64,47803976;;;;;;;;;;;;;;;;;;;;;;;;;;
01/jul/92;7;3;1992;;;;;14,5;20;72;;77,04441137;49,68333572;65,85314282;;;;;;;;;;;;;;;;;;;;;;;;;;
01/ago/92;8;3;1992;;;;;14;19;72,4;;76,94194807;48,35182069;64,35624303;;;;;;;;;;;;;;;;;;;;;;;;;;
01/set/92;9;3;1992;;;;;14,3;21;74,2;;77,73676345;48,13586266;65,15758645;;;;;;;;;;;;;;;;;;;;;;;;;;
01/out/92;10;4;1992;;;;;14,5;22;76,5;;78,21579192;49,00769144;64,22704576;;;;;;;;;;;;;;;;;;;;;;;;;;
01/nov/92;11;4;1992;;;;;14,5;23;79,3;;77,28912375;45,15243347;63,15820751;;;;;;;;;;;;;;;;;;;;;;;;;;
01/dez/92;12;4;1992;;;;;13,2;24;80,5;;76,85967753;48,48878151;63,80153223;;;;;;;;;;;;;;;;;;;;;;;;;;
01/jan/93;1;1;1993;;;;;12,7;24;80,8;;78,25817674;45,49987583;62,72282936;;;;;;;;;;;;;;;;;;;;;;;;;;
01/fev/93;2;1;1993;;;;;12,6;25;80,5;;78,80318158;47,81095632;61,98101609;;;;;;;;;;;;;;;;;;;;;;;;;;
01/mar/93;3;1;1993;;;;;13,2;24;79;;81,39455364;59,28765237;71,55743986;;;;;;;;;;;;;;;;;;;;;;;;;;
01/abr/93;4;2;1993;;;;;13,3;24;77,6;;80,65681782;57,92575007;68,79478125;;;;;;;;;;;;;;;;;;;;;;;;;;
01/mai/93;5;2;1993;;;;;12,9;23;78,9;;80,0377395;56,18601815;69,84017287;;;;;;;;;;;;;;;;;;;;;;;;;;
01/jun/93;6;2;1993;;;;;12,6;24;78,4;;80,57524703;55,40549658;69,79450329;;;;;;;;;;;;;;;;;;;;;;;;;;
01/jul/93;7;3;1993;;;;;12,3;24;80,4;;80,71249788;55,00547019;70,46400626;;;;;;;;;;;;;;;;;;;;;;;;;;
01/ago/93;8;3;1993;;;;;12,3;25;78;;80,12980653;58,64268615;70,20151084;;;;;;;;;;;;;;;;;;;;;;;;;;
01/set/93;9;3;1993;;;;;12,2;26;80,1;;80,01724684;52,96569424;68,75278865;;;;;;;;;;;;;;;;;;;;;;;;;;
01/out/93;10;4;1993;;;;;11,9;26;81,1;;81,17913078;52,26804706;68,19263957;;;;;;;;;;;;;;;;;;;;;;;;;;
01/nov/93;11;4;1993;;;;;11,2;26;83,7;;80,96420775;53,84571353;69,84917997;;;;;;;;;;;;;;;;;;;;;;;;;;
01/dez/93;12;4;1993;;;;;10,7;25;83,1;;78,99651235;50,88041008;67,17357319;;;;;;;;;;;;;;;;;;;;;;;;;;
01/jan/94;1;1;1994;;;;;9,9;25;82,7;;78,9852164;52,21425141;65,234302;;;;;;;;;;;;;;;;;;;;;;;;;;
01/fev/94;2;1;1994;;;;;10,4;25;80,5;;76,54938864;44,4903108;61,25973503;;;;;;;;;;;;;;;;;;;;;;;;;;
01/mar/94;3;1;1994;;;;;10,9;27;79,6;;80,49607538;53,56345599;70,04625566;;;;;;;;;;;;;;;;;;;;;;;;;;
01/abr/94;4;2;1994;;;;;11,7;27;77,1;;78,59525604;53,77122352;67,71054438;;;;;;;;;;;;;;;;;;;;;;;;;;
01/mai/94;5;2;1994;;;;;12,2;27;75,5;;79,27071416;55,79738093;72,28479844;;;;;;;;;;;;;;;;;;;;;;;;;;
01/jun/94;6;2;1994;;;;;12,6;26;71,5;;79,68266665;55,81158104;72,90406547;;;;;;;;;;;;;;;;;;;;;;;;;;
01/jul/94;7;3;1994;;;;;12,9;25;68;;78,85566279;49,96011676;68,35937253;;;;;;;;;;;;;;;;;;;;;;;;;;
01/ago/94;8;3;1994;;;;;12,2;25;66,9;;79,94197379;56,63077732;75,1110003;;;;;;;;;;;;;;;;;;;;;;;;;;
01/set/94;9;3;1994;;;;;11,1;26;71,8;;80,87953806;59,46740738;77,13728296;;;;;;;;;;;;;;;;;;;;;;;;;;
01/out/94;10;4;1994;;;;;10,8;27;77,7;;81,49881631;60,80037634;76,9895273;;;;;;;;;;;;;;;;;;;;;;;;;;
01/nov/94;11;4;1994;;;;;11;27;81,8;;82,97448789;62,74269008;79,50581157;;;;;;;;;;;;;;;;;;;;;;;;;;
01/dez/94;12;4;1994;;;;;10,4;26;83,9;;81,13234754;63,90758399;78,03877133;;;;;;;;;;;;;;;;;;;;;;;;;;
01/jan/95;1;1;1995;;;;;9,7;27;83,2;;80,83205507;58,79985668;74,54422389;;;;;;;;;;;;;;;;;;;;;;;;;;
01/fev/95;2;1;1995;;;;;9,1;26;84;;80,39501157;54,88164327;71,17945022;;;;;;;;;;;;;;;;;;;;;;;;;;
01/mar/95;3;1;1995;;;;;9,7;26;82,8;;81,77511737;64,81430724;81,30594765;;;;;;;;;;;;;;;;;;;;;;;;;;
01/abr/95;4;2;1995;;;;;9,8;24;83,8;;79,41606212;53,17002078;74,27709723;;;;;;;;;;;;;;;;;;;;;;;;;;
01/mai/95;5;2;1995;;;;;9,9;23;85;;80,40940641;60,50745661;80,33649441;;;;;;;;;;;;;;;;;;;;;;;;;;
01/jun/95;6;2;1995;;;;;10,1;23;86,3;;78,52428145;56,56699797;76,52998756;;;;;;;;;;;;;;;;;;;;;;;;;;
01/jul/95;7;3;1995;;;;;10,7;25;87,5;;76,84868146;50,33193678;73,63060052;;;;;;;;;;;;;;;;;;;;;;;;;;
01/ago/95;8;3;1995;;;;;11,4;25;87,1;;78,85996125;52,05931024;75,41160212;;;;;;;;;;;;;;;;;;;;;;;;;;
01/set/95;9;3;1995;;;;;12,2;24;88,6;;76,76361193;45,15597139;71,19872497;;;;;;;;;;;;;;;;;;;;;;;;;;
01/out/95;10;4;1995;;;;;12,5;25;89,1;;79,35238492;49,59891047;75,17325677;;;;;;;;;;;;;;;;;;;;;;;;;;
01/nov/95;11;4;1995;;;;;12,2;27;88,2;;79,02350269;50,48164377;74,59850855;;;;;;;;;;;;;;;;;;;;;;;;;;
01/dez/95;12;4;1995;;;;;10,9;29;86,5;;80,19818205;44,35349538;70,94959753;;;;;;;;;;;;;;;;;;;;;;;;;;
01/jan/96;1;1;1996;;;;;10,8;29;83,7;;77,39378627;46,443626;69,42314658;;;;;;;;;;;;;;;;;;;;;;;;;;
01/fev/96;2;1;1996;;;;;11,3;28;84,2;;78,60035421;42,42552715;68,89405797;;;;;;;;;;;;;;;;;;;;;;;;;;
01/mar/96;3;1;1996;;;;;13,1;29;84,5;;81,98444241;49,78060407;76,11708911;;;;;;;;;;;;;;;;;;;;;;;;;;
01/abr/96;4;2;1996;;;;;13,8;29;87,7;;81,50211513;54,16645192;77,81752554;;;;;;;;;;;;;;;;;;;;;;;;;;
01/mai/96;5;2;1996;;;;;14,2;29;88,2;;82,46856905;57,13563252;81,77182469;;;;;;;;;;;;;;;;;;;;;;;;;;
01/jun/96;6;2;1996;;;;;14,3;31;90,1;;82,5315465;51,77574417;79,17881691;;;;;;;;;;;;;;;;;;;;;;;;;;
01/jul/96;7;3;1996;;;;;13,6;30;91,3;;82,59552359;56,74156727;82,20792664;;;;;;;;;;;;;;;;;;;;;;;;;;
01/ago/96;8;3;1996;;;;;13;32;92,2;;83,14772586;55,27473923;79,83452988;;;;;;;;;;;;;;;;;;;;;;;;;;
01/set/96;9;3;1996;;;;;12,9;31;92,3;;83,15482331;54,59381231;78,90165102;;;;;;;;;;;;;;;;;;;;;;;;;;
01/out/96;10;4;1996;;;;;13,1;32;95,3;;83,52888937;58,91248829;82,60126705;;;;;;;;;;;;;;;;;;;;;;;;;;
01/nov/96;11;4;1996;;;;;12,7;34;95;;83,50879656;57,7046548;83,03157483;;;;;;;;;;;;;;;;;;;;;;;;;;
01/dez/96;12;4;1996;;;;;12,1;34;94,3;;80,95101247;53,92034893;76,96283636;;;;;;;;;;;;;;;;;;;;;;;;;;
01/jan/97;1;1;1997;;;;;12,2;36;90,6;;80,07662558;55,02635841;76,73062175;;;;;;;;;;;;;;;;;;;;;;;;;;
01/fev/97;2;1;1997;;;;;12,8;35;92,3;;78,86445964;47,77121539;70,8102566;;;;;;;;;;;;;;;;;;;;;;;;;;
01/mar/97;3;1;1997;;;;;13,5;35;90,8;;80,99499672;56,16469375;79,92256398;;;;;;;;;;;;;;;;;;;;;;;;;;
01/abr/97;4;2;1997;;;;;14,1;33;92,4;;81,85228973;60,71328555;83,66637591;;;;;;;;;;;;;;;;;;;;;;;;;;
01/mai/97;5;2;1997;;;;;14,1;34;90,7;;82,89771538;59,00166306;84,38081861;;;;;;;;;;;;;;;;;;;;;;;;;;
01/jun/97;6;2;1997;;;;;14,2;35;91,8;;82,15278213;59,24524589;84,86966836;;;;;;;;;;;;;;;;;;;;;;;;;;
01/jul/97;7;3;1997;;;;;14,2;37;89,9;;83,70422658;62,13479924;86,37619173;;;;;;;;;;;;;;;;;;;;;;;;;;
01/ago/97;8;3;1997;;;;;14,2;38;92,8;;82,76046453;59,62525642;82,86728649;;;;;;;;;;;;;;;;;;;;;;;;;;
01/set/97;9;3;1997;;;;;13,1;39;94,8;;82,45207496;62,34513539;84,28918384;;;;;;;;;;;;;;;;;;;;;;;;;;
01/out/97;10;4;1997;;;;;12,6;37;98,3;;83,23689393;67,53287767;88,00679719;;;;;;;;;;;;;;;;;;;;;;;;;;
01/nov/97;11;4;1997;;;;;12,3;37;96,8;;81,99733779;61,28240475;83,85516964;;;;;;;;;;;;;;;;;;;;;;;;;;
01/dez/97;12;4;1997;;;;;13;37;94,7;;79,27051424;60,15385926;80,07492435;;;;;;;;;;;;;;;;;;;;;;;;;;
01/jan/98;1;1;1998;;;;;13;37;92,3;;80,3600241;53,35612465;75,85500648;1640317093;;;;;;;;;;;;;;;;;;;;;;;;;
01/fev/98;2;1;1998;;;;;13,7;39;89,9;;81,91446747;50,47587649;75,06392718;1495290101;;;;;;;;;;;;;;;;;;;;;;;;;
01/mar/98;3;1;1998;;;;;14,5;38;89,5;;83,4316242;64,09077999;86,17805657;1318423225;;;;;;;;;;;;;;;;;;;;;;;;;
01/abr/98;4;2;1998;;;;;15,4;38;89,4;;83,22799711;60,71609649;83,68057996;1536108227;;;;;;;;;;;;;;;;;;;;;;;;;
01/mai/98;5;2;1998;;;;;15,7;37;91,5;;83,82008509;61,51120589;84,45741444;1545387133;;;;;;;;;;;;;;;;;;;;;;;;;
01/jun/98;6;2;1998;;;;;15,4;38;93,2;;82,4326819;61,62509758;86,12785103;1548609259;;;;;;;;;;;;;;;;;;;;;;;;;
01/jul/98;7;3;1998;;;;;15,5;39;95,3;;82,28003656;63,20019543;84,34572077;1508402092;;;;;;;;;;;;;;;;;;;;;;;;;
01/ago/98;8;3;1998;;;;;15,5;39;97,5;;82,41978652;62,98884153;83,54903284;1510689519;;;;;;;;;;;;;;;;;;;;;;;;;
01/set/98;9;3;1998;;;;;15,9;41;97,1;;81,80780566;67,21906971;86,02978294;1537906287;;;;;;;;;;;;;;;;;;;;;;;;;
01/out/98;10;4;1998;;;;;16,9;42;98,6;;82,91271001;64,42862636;84,76940806;1494929788;;;;;;;;;;;;;;;;;;;;;;;;;
01/nov/98;11;4;1998;;;;;17,7;44;98,9;;82,09350336;65,14362385;85,42803226;1659601214;;;;;;;;;;;;;;;;;;;;;;;;;
01/dez/98;12;4;1998;;;;;17,3;46;99,9;;79,32309541;56,75184176;80,7666242;1550533730;;;;;;;;;;;;;;;;;;;;;;;;;
01/jan/99;1;1;1999;;;;;17,2;45;94,3;;77,50944485;49,93525445;74,12606675;1475509095;;;;;;;;;;;;;;;;;;;;;;;;;
01/fev/99;2;1;1999;;;;;17,2;47;93,8;;78,88015402;56,47796859;77,26396318;1187939335;;;;;;;;;;;;;;;;;;;;;;;;;
01/mar/99;3;1;1999;;;;;18,6;46;90,5;;82,59412409;69,77765866;87,85077515;1471582605;;;;;;;;;;;;;;;;;;;;;;;;;
01/abr/99;4;2;1999;;;;;19,2;44;90,3;;80,52996324;58,90216534;80,03532866;1545053519;;;;;;;;;;;;;;;;;;;;;;;;;
01/mai/99;5;2;1999;;;;;19,3;42;87,8;;84,4718517;66,5478357;86,07534552;1396708430;;;;;;;;;;;;;;;;;;;;;;;;;
01/jun/99;6;2;1999;;;;;19,5;41;88,9;;83,06095693;66,65799562;87,62288569;1458350320;;;;;;;;;;;;;;;;;;;;;;;;;
01/jul/99;7;3;1999;;;;;19,4;43;91,4;;83,4193286;64,63469762;87,60378767;1550056845;;;;;;;;;;;;;;;;;;;;;;;;;
01/ago/99;8;3;1999;;;;;19,6;45;92,9;;83,81858563;77,48662372;92,78811767;1465411414;;;;;;;;;;;;;;;;;;;;;;;;;
01/set/99;9;3;1999;;;;;19,6;47;93,5;;83,40203479;70,84252173;90,65180769;1572861171;;;;;;;;;;;;;;;;;;;;;;;;;
01/out/99;10;4;1999;;;;;19,7;50;94,8;;84,42166967;73,94284741;92,02101547;1527420483;;;;;;;;;;;;;;;;;;;;;;;;;
01/nov/99;11;4;1999;;;;;19,4;50;96;;84,18865311;75,35689756;93,15290479;1530081947;;;;;;;;;;;;;;;;;;;;;;;;;
01/dez/99;12;4;1999;;;;;18,1;52;99;;83,5653763;72,14616964;89,67499553;1570486051;;;;;;;;;;;;;;;;;;;;;;;;;
01/jan/00;1;1;2000;;;;;16,7;49;97;;83,13093187;68,99941493;84,42784085;1720957695;;;;;;;;;;;;;;;;;;;;;;;;;
01/fev/00;2;1;2000;;;;;16,8;46;96;;84,32360479;74,43461719;88,37645371;1466697691;;;;;;;;;;;;;;;;;;;;;;;;;
01/mar/00;3;1;2000;;;;;17,7;44;93,1;;85,05414319;80,81865841;94,84436651;1469567554;;;;;;;;;;;;;;;;;;;;;;;;;
01/abr/00;4;2;2000;;;;;18,8;44;95,2;;85,52257545;75,77587359;92,01320332;1568407936;;;;;;;;;;;;;;;;;;;;;;;;;
01/mai/00;5;2;2000;;;;;18,4;45;97,4;;85,28955889;83,10066017;97,40569459;1423031866;;;;;;;;;;;;;;;;;;;;;;;;;
01/jun/00;6;2;2000;;;;;17,8;45;100,2;;84,29371549;77,32145653;95,84551127;1582562276;;;;;;;;;;;;;;;;;;;;;;;;;
01/jul/00;7;3;2000;;;;;16,8;44;102,5;;84,09138794;83,16342176;97,74938445;1541154993;;;;;;;;;;;;;;;;;;;;;;;;;
01/ago/00;8;3;2000;;;;;16,5;43;102,7;;84,38378324;84,45931534;99,19452567;1545787644;;;;;;;;;;;;;;;;;;;;;;;;;
01/set/00;9;3;2000;;;;;16,2;42;101,1;;84,60410434;78,60319847;95,40821826;1660977122;;;;;;;;;;;;;;;;;;;;;;;;;
01/out/00;10;4;2000;;;;;16,3;45;100,4;;86,87789013;88,96564606;101,6116395;1595749965;;;;;;;;;;;;;;;;;;;;;;;;;
01/nov/00;11;4;2000;;;;;15,9;45;100,8;;85,95951899;89,06029733;101,0915022;1698887566;;;;;;;;;;;;;;;;;;;;;;;;;
01/dez/00;12;4;2000;;;;;15;45;102,3;;84,42176964;83,84536643;94,61879955;1649316923;;;;;;;;;;;;;;;;;;;;;;;;;
01/jan/01;1;1;2001;;;;;14,4;44;100,8;;82,80964692;81,75848294;91,83185776;1885087084;;;;;;;;;;;;;;;;;;;;;;;;;
01/fev/01;2;1;2001;;;;;14,7;41;100,6;;83,40653318;73,30570571;90,9465317;1636074556;;;;;;;;;;;;;;;;;;;;;;;;;
01/mar/01;3;1;2001;;;;;15,4;40;98,4;;85,86675221;87,43811172;101,5740366;1478048075;;;;;;;;;;;;;;;;;;;;;;;;;
01/abr/01;4;2;2001;;;;;15,6;40;100,6;;84,3191064;80,0083816;97,41144883;1784782968;;;;;;;;;;;;;;;;;;;;;;;;;
01/mai/01;5;2;2001;;;;;15,4;40;100,2;;84,89809907;86,42239689;104,7517598;1665968550;;;;;;;;;;;;;;;;;;;;;;;;;
01/jun/01;6;2;2001;;;;;15;45;101,5;;84,8226261;84,46072046;102,0803995;1599996713;;;;;;;;;;;;;;;;;;;;;;;;;
01/jul/01;7;3;2001;;;;;14,6;43;99,5;;84,24643242;85,05588998;105,965306;1705198936;;;;;;;;;;;;;;;;;;;;;;;;;
01/ago/01;8;3;2001;;;;;14,3;45;99,2;;85,56106167;95,59412425;105,9501551;1575426257;;;;;;;;;;;;;;;;;;;;;;;;;
01/set/01;9;3;2001;;;;;14,5;43;99,6;;84,11168068;81,34247208;100,307941;1743674860;;;;;;;;;;;;;;;;;;;;;;;;;
01/out/01;10;4;2001;;;;;15,3;44;98,9;;84,62669626;92,10299044;104,5200397;1658951384;;;;;;;;;;;;;;;;;;;;;;;;;
01/nov/01;11;4;2001;;;;;15,1;44;99,2;;85,81177189;90,41772196;101,319246;1627062347;;;;;;;;;;;;;;;;;;;;;;;;;
01/dez/01;12;4;2001;;;;;14,8;46;98;;80,52556482;70,12301039;90,0201651;1978365212;;;;;;;;;;;;;;;;;;;;;;;;;
01/jan/02;1;1;2002;85,4;;;;14,5;48;95,6;;81,53760242;74,06971081;91,40538987;1535002716;;;;;;;;;;;;;;;;;;;;;;;;;
01/fev/02;2;1;2002;84,3;;;;15;50;94,9;;82,79045379;70,92686069;91,32967418;1713828249;;;;;;;;;;;;;;;;;;;;;;;;;
01/mar/02;3;1;2002;98,8;;;;15,8;48;93,9;;84,26892437;79,7848433;98,55995542;1433190399;;;;;;;;;;;;;;;;;;;;;;;;;
01/abr/02;4;2;2002;108,2;;;;15,7;47;96,1;;84,80863111;85,49582725;102,9172096;1767872347;;;;;;;;;;;;;;;;;;;;;;;;;
01/mai/02;5;2;2002;109,8;;;;16;46;97,4;;83,9591353;83,85725387;104,7249353;1614965213;;;;;;;;;;;;;;;;;;;;;;;;;
01/jun/02;6;2;2002;99;;;;15,9;45;98,6;;83,17921458;85,89736649;104,3652926;1643303520;;;;;;;;;;;;;;;;;;;;;;;;;
01/jul/02;7;3;2002;99,7;;;;15,9;43;100,6;;84,23893511;88,45353711;107,1380974;1610707195;;;;;;;;;;;;;;;;;;;;;;;;;
01/ago/02;8;3;2002;96,8;;;;15,4;42;100,5;;85,85705568;99,55645402;111,2303405;1622512622;;;;;;;;;;;;;;;;;;;;;;;;;
01/set/02;9;3;2002;94,2;;;;15,5;42;101,6;;85,38972302;94,6868501;104,4214569;1660850622;;;;;;;;;;;;;;;;;;;;;;;;;
01/out/02;10;4;2002;101,9;;;;15,1;41;100,1;;84,4517589;102,7422366;110,745091;1545409212;;;;;;;;;;;;;;;;;;;;;;;;;
01/nov/02;11;4;2002;97,6;;;;14,8;44;97,1;;84,62689618;89,02748159;102,1761458;1634232859;;;;;;;;;;;;;;;;;;;;;;;;;
01/dez/02;12;4;2002;82,7;;;;14,2;45;96;;82,80005035;84,89438669;95,40484344;2004658980;;;;;;;;;;;;;;;;;;;;;;;;;
01/jan/03;1;1;2003;87,9;;;100,78;14,3;48;91,9;;81,2651;104,4879;98,64858986;1795358534;;;;;;;;;;;;;;;;;;;;;;;;;
01/fev/03;2;1;2003;87,4;;;111,61;14,8;48;89,3;;77,9711;116,2597;100,7889966;1549650775;;;;;;;;;;;;;;;;;;;;;;;;;
01/mar/03;3;1;2003;103,8;;;127,59;15,3;47;87,4;;81,9448;160,0762;114,9299501;1378130864;;;;;;;;;;;;;;;;;;;;;;;;;
01/abr/03;4;2;2003;107,1;;;118,59;16,3;43;86,4;;84,2654;138,1112;112,7154427;1291839840;;;;;;;;;;;;;;;;;;;;;;;;;
01/mai/03;5;2;2003;107,5;;;101,62;16,6;41;87,1;;83,2434;130,9919;111,813928;1419750115;;;;;;;;;;;;;;;;;;;;;;;;;
01/jun/03;6;2;2003;93,6;;;93,58;17,6;41;87;;82,1612;99,1315;103,8825595;1829382344;;;;;;;;;;;;;;;;;;;;;;;;;
01/jul/03;7;3;2003;93;;;93,34;17,7;42;86,8;;81,1417;100,2129;106,6495636;1321823030;;;;;;;;;;;;;;;;;;;;;;;;;
01/ago/03;8;3;2003;90;;;91,89;17,8;42;89,7;;81,7319;99,4137;103,9718586;1508241718;;;;;;;;;;;;;;;;;;;;;;;;;
01/set/03;9;3;2003;95;;;93,2;17,8;43;89,6;;82,7812;101,0774;105,2820228;1527632356;;;;;;;;;;;;;;;;;;;;;;;;;
01/out/03;10;4;2003;102,6;;;99,28;17,7;44;91,6;;83,5685;109,9134;109,8623728;1681280103;;;;;;;;;;;;;;;;;;;;;;;;;
01/nov/03;11;4;2003;95,3;;;101,69;17,3;44;90,2;;82,8539;93,5255;102,6948654;2012953813;;;;;;;;;;;;;;;;;;;;;;;;;
01/dez/03;12;4;2003;86,7;;;100,86;15,9;44;93;;79,8464;88,4166;96,20360296;2024838913;;;;;;;;;;;;;;;;;;;;;;;;;
01/jan/04;1;1;2004;87,6;52;;102,53;15,3;46;91,8;;79,2805;93,9276;96,4341538;1662438464;;;62850,45506;2,74;;0,93;;;1739224;;;;;;;;;;;;;;;;
01/fev/04;2;1;2004;87,5;49,2;;109,46;15,8;47;90,1;;81,56;98,8968;99,08299277;1568452186;;;62493,0233;2,78;;0,89;;;1752253;;;;;;;;;;;;;;;;
01/mar/04;3;1;2004;113,7;58,6;;135,68;17,2;45;88,1;;85,2423;129,3037;114,1171922;1468476136;;;63076,16891;2,64;;0,89;;;1765430;;;;;;;;;;;;;;;;
01/abr/04;4;2;2004;110,7;57,1;;119,35;17,7;44;90,5;;84,8928;130,4454;112,4339447;1414078967;;;63464,52363;2,62;;0,89;;;1772820;;;;;;;;;;;;;;;;
01/mai/04;5;2;2004;111,7;59,7;;102,62;17,2;41;92,1;;84,6895;129,9913;114,3856557;1559694312;;;63720,32091;2,46;;0,91;;;1777286;;;;;;;;;;;;;;;;
01/jun/04;6;2;2004;110,7;57,2;;99,34;16,8;43;93,2;;85,4903;133,7635;116,8691804;1475262078;;;63272,18146;2,25;;0,91;;;1781728;;;;;;;;;;;;;;;;
01/jul/04;7;3;2004;114,3;59,7;;100,91;16,3;43;92,5;;84,8325;137,2825;119,4328604;1603202137;;;63065,27844;2,23;;0,88;;;1786681;;;;;;;;;;;;;;;;
01/ago/04;8;3;2004;102,2;58,9;;97,96;15,9;44;91,3;;84,8195;126,5106;116,8599129;1627175742;;;63235,14749;2,21;;0,93;;;1793248;;;;;;;;;;;;;;;;
01/set/04;9;3;2004;93,1;56;;95,19;15,1;44;90,8;;83,965;111,3456;110,3096073;1559348454;;;63903,67628;2,17;;0,91;;;1801053;;;;;;;;;;;;;;;;
01/out/04;10;4;2004;104,1;60,7;;101,79;14,8;45;89,5;;85,2656;110,7659;111,1061586;1712503227;;;65278,32359;2,15;;0,88;;;1814492;;;;;;;;;;;;;;;;
01/nov/04;11;4;2004;97;59,9;;103,25;14,5;46;89,9;;83,9675;122,6186;112,4041427;1679931479;;;65879,14871;2,13;;0,87;;;1825426;;;;;;;;;;;;;;;;
01/dez/04;12;4;2004;87,6;80;;106,82;14,4;46;91,2;;81,3424;110,6846;104,9697951;2043108561;;;67626,77398;1,94;;0,86;;;1814678;;;;;;;;;;;;;;;;
01/jan/05;1;1;2005;86,4;55,2;;101,41;14,3;44;91,5;;81,0165;102,4087;99,05778731;1570074765;;;69181,8037;1,92;;0,94;;;1837163;;;;;;;;;;;;;;;;
01/fev/05;2;1;2005;85,5;49,8;;104,93;14,3;43;91,4;;81,5294;113,9077;102,4941509;1476727280;;;70549,54728;1,93;;0,9;;;1847929;;;;;;;;;;;;;;;;
01/mar/05;3;1;2005;105,3;58,2;;125,67;14,5;41;91,2;;84,0618;126,4706;111,5072595;1539897712;;;71278,17673;1,98;;0,89;;;1857294;;;;;;;;;;;;;;;;
01/abr/05;4;2;2005;107,4;55,1;;112,95;14,7;41;92,7;;83,4166;121,4378;107,9500206;1728372186;;;72179,36227;2,09;;0,89;;;1868830;;;;;;;;;;;;;;;;
01/mai/05;5;2;2005;111,6;55,5;;102,89;14,9;40;92,5;;83,7602;132,2175;112,4836763;1675611739;;;72049,54648;2,1;;0,91;;;1861927;;;;;;;;;;;;;;;;
01/jun/05;6;2;2005;108;54,7;;100,53;15;40;93,1;;81,525;112,5219;109,3962112;1767156734;;;73077,0226;2,07;;0,91;;;1858437;;;;;;;;;;;;;;;;
01/jul/05;7;3;2005;104,8;55;;99,43;14,5;41;94,2;;80,3399;114,282;107,3144748;1712826863;;;73783,1468;2,22;;0,89;;;1847487;;;;;;;;;;;;;;;;
01/ago/05;8;3;2005;105,8;55,2;;100,41;14,7;39;97,3;;82,5404;112,9995;110,9973168;1784568373;;;74888,62322;2,37;;0,92;;;1843046;;;;;;;;;;;;;;;;
01/set/05;9;3;2005;91,3;51,3;;95,49;14,8;39;99,2;;81,2323;97,8142;102,9946302;1985241947;;;74473,3763;2,59;;0,85;;;1847584;;;;;;;;;;;;;;;;
01/out/05;10;4;2005;97,8;54,3;;99,6;14,8;36;98,6;;82,789;96,6311;102,6186538;2265304577;;;75680,14935;2,71;;0,85;;;1865691;;;;;;;;;;;;;;;;
01/nov/05;11;4;2005;95;56,3;;102,54;14,6;37;96,9;;83,0353;90,5701;101,6163296;1967627404;;;78009,35654;2,7;;0,83;;;1885752;;;;;;;;;;;;;;;;
01/dez/05;12;4;2005;88,9;74,1;;105,79;13,7;38;95,4;;80,3559;106,0129;99,25036759;2089988297;;;81287,48566;2,57;;0,82;;;1865483;;;;;;;;;;;;;;;;
01/jan/06;1;1;2006;84,2;51,5;;106,2;13,2;38;95,2;;79,496;82,2613;91,70236591;2126623974;;;80675,51161;2,67;;0,92;;;1871470;;;;;;;;;;;;;;;;
01/fev/06;2;1;2006;85;46,6;;112,92;13,6;38;95,3;;79,4341;92,4323;93,25551692;1726900327;;;81940,88989;2,68;;0,85;;;1882192;;;;;;;;;;;;;;;;
01/mar/06;3;1;2006;104,6;56,5;;131,61;14,9;38;93,7;;82,2917;102,8578;101,7166871;1766110016;;;83607,47038;2,73;;0,88;;;1886982;;;;;;;;;;;;;;;;
01/abr/06;4;2;2006;96,2;54,2;;117,73;15,5;38;93,2;;80,9918;98,3531;96,96416696;1847678706;;;84776,09269;2,81;;0,88;;;1893588;;;;;;;;;;;;;;;;
01/mai/06;5;2;2006;108,1;57,9;;108,04;15,4;37;93,8;;81,7266;109,2593;103,2844568;1760376291;;;85637,94894;2,81;;0,91;;;1891575;;;;;;;;;;;;;;;;
01/jun/06;6;2;2006;100,7;52,5;;102,26;15;38;93,9;;80,8114;102,5456;102,8917254;2002729123;;;87653,95594;2,67;;0,89;;;1890615;;;;;;;;;;;;;;;;
01/jul/06;7;3;2006;101,8;55;;102,71;14,9;38;94,4;;81,7664;100,5847;101,1076812;1785580055;;;87601,02391;2,87;;0,91;;;1888735;;;;;;;;;;;;;;;;
01/ago/06;8;3;2006;101,9;56,5;;103,35;14,6;38;93,1;;82,6898;109,0921;104,5209242;1723646669;;;87592,62024;3,14;;0,86;;;1890514;;;;;;;;;;;;;;;;
01/set/06;9;3;2006;93,9;54,8;;100,78;14,3;38;96,4;;83,1537;93,3478;98,72512203;2101619038;;;88235,95612;3,39;;0,9;;;1893361;;;;;;;;;;;;;;;;
01/out/06;10;4;2006;100,3;57,5;;104,76;14,2;37;100,2;;83,9249;103,4589;102,992465;1992927399;;;88325,96712;3,6;;0,87;;;1901584;;;;;;;;;;;;;;;;
01/nov/06;11;4;2006;97,5;57,9;;106,12;13,7;38;102,9;;84,7924;114,5094;105,6382889;1979949737;;;89833,08918;3,19;;0,84;;;1913120;;;;;;;;;;;;;;;;
01/dez/06;12;4;2006;88,4;75,8;;110,58;12,9;40;102,6;;82,2891;91,53;97,555692;1785807823;;;91936,09005;2,67;;0,9;;;1905349;;;;;;;;;;;;;;;;
01/jan/07;1;1;2007;89,4;55,4;;111,71;12,2;40;98,9;;82,4868;100,542;97,16611901;2118691380;73,6;;92751,13576;2,72;;0,93;;405742;1923499;;;;;;;;;;;;;;;;
01/fev/07;2;1;2007;90;50;;118,86;12,3;39;98,9;;82,7118;92,9054;96,19670621;1678098789;75,2;;94360,18147;2,69;;0,87;;419220;1938914;;;;;;;;;;;;;;;;
01/mar/07;3;1;2007;112,6;60,5;;136,04;12,9;34;98,5;;84,2538;121,5493;108,3586409;1567914407;91,8;;94045,3458;2,66;;0,89;;423115;1950172;;;;;;;;;;;;;;;;
01/abr/07;4;2;2007;113,1;58,8;;125,73;13,6;33;99,8;;83,0507;108,4759;104,7794687;1833145929;81,2;;97134,75579;2,72;;0,9;;425681;1967432;;;;;;;;;;;;;;;;
01/mai/07;5;2;2007;118,5;63,4;;115,6;14,1;33;100,1;;84,9189;126,2476;112,212625;1838673510;115,7;;98684,6549;2,64;;0,93;;418800;1964759;;;;;;;;;;;;;;;;
01/jun/07;6;2;2007;107,1;59,5;;109,52;14,4;34;99,3;;84,1066;118,9697;109,0493334;1871244211;104,4;;99780,3927;2,61;;0,91;;413085;1963991;;;;;;;;;;;;;;;;
01/jul/07;7;3;2007;111,2;60,3;;110,56;13,8;36;99,9;;84,9756;116,9149;110,977154;1741048860;133,8;;101480,4035;2,53;;0,92;;406616;1962466;;;;;;;;;;;;;;;;
01/ago/07;8;3;2007;108,6;64,9;;111,19;13,4;36;100,9;;86,1759;126,7818;114,5630425;1871661681;123,7;;102827,2318;2,44;;0,91;;397531;1964125;;;;;;;;;;;;;;;;
01/set/07;9;3;2007;94,7;60,3;;106,54;12,8;35;102,4;;84,8753;110,7185;106,516478;1842658690;100;;103888,9182;2,38;;0,89;;400533;1981558;;;;;;;;;;;;;;;;
01/out/07;10;4;2007;109,3;68;;114,49;12,4;33;104,6;;87,3724;118,2455;113,1731731;1861351331;118,3;;105383,4707;2,39;;0,9;;407034;2004178;;;;;;;;;;;;;;;;
01/nov/07;11;4;2007;104,2;67,4;;116,08;11,9;32;105,6;;86,7954;125,4817;114,0939633;2060499544;87,6;;107734,2467;2,39;;0,89;;413738;2027883;;;;;;;;;;;;;;;;
01/dez/07;12;4;2007;93,7;82,7;;118,19;11,3;32;109,5;;83,0176;113,643;106,3274396;2013919073;94,6;;109383,6148;2,15;;0,88;;407915;2019166;;;;;;;;;;;;;;;;
01/jan/08;1;1;2008;97,1;62,3;;117,23;11,2;33;107,1;;83,4345;121,8251;107,6179776;2175757179;84;;109616,1434;2,22;;0,95;88,9;415135;2039924;;;;;;;;;;;;;;;;
01/fev/08;2;1;2008;101,3;59,9;;124,97;11,3;33;104,9;;85,8958;117,2625;109,3375188;1950225386;85;;110691,15;2,17;;0,9;88,7;427664;2060516;;;;;;;;;;;;;;;;
01/mar/08;3;1;2008;110,1;67,6;;139,03;11,7;31;102,7;;86,4917;135,5282;115,8982918;1860513258;80,6;;112573,098;2,14;;0,91;88,4;433985;2080331;;;;;;;;;;;;;;;;
01/abr/08;4;2;2008;117,9;68,4;;132,13;12;30;104,9;;86,9333;123,5382;113,9961159;2019719003;90,2;;114099,6453;2,19;;0,9;92,7;434776;2094971;;;;;;;;;;;;;;;;
01/mai/08;5;2;2008;112,1;70,6;;118,46;12,2;32;108;;86,7936;120,2147;113,4638082;1988724882;106,7;;114772,507;2,29;;0,89;92,1;430408;2098108;;;;;;;;;;;;;;;;
01/jun/08;6;2;2008;111,9;68,5;;116,38;11,9;35;110,4;;87,0621;149,2209;120,3955741;2199010160;102,6;;115663,6172;2,13;;0,92;90,4;428245;2106891;;;;;;;;;;;;;;;;
01/jul/08;7;3;2008;115,7;70,1;;117,02;11,9;37;111,7;;87,8435;140,8565;121,0562602;1921255071;107,2;;115585,8342;2,18;;0,92;94,3;424449;2112757;;;;;;;;;;;;;;;;
01/ago/08;8;3;2008;109,1;68,8;;115,23;11,3;36;114,5;;87,1768;131,5196;117,3523405;1886341178;101,2;;118477,9029;2,22;;0,93;95,6;418424;2119241;;;;;;;;;;;;;;;;
01/set/08;9;3;2008;107,9;68,4;;116,14;11,2;35;116,5;;88,2521;135,522;120,012443;2100705065;149;;121030,5581;2,18;;0,91;112,7;416983;2130728;;;;;;;;;;;;;;;;
01/out/08;10;4;2008;109,3;70,7;;118,64;10,6;32;117,6;;86,115;139,5448;122,2432885;2092894147;99,3;;121778,5493;2,22;;0,89;119,9;419582;2140259;;;;;;;;;;;;;;;;
01/nov/08;11;4;2008;91,6;65,6;;115,9;10,2;31;116,9;;83,7313;104,3328;106,9437138;2154656445;73,2;;125676,0904;2,2;;0,85;113,8;420967;2149548;;;;;;;;;;;;;;;;
01/dez/08;12;4;2008;77,8;82,5;;115,88;9,8;30;114,3;;78,3824;82,3893;95,93036599;1911170856;86,9;;127824,3206;2,26;;0,87;114;408498;2121068;;;;;;;;;;;;;;;;
01/jan/09;1;1;2009;78,4;62,9;;113,99;10;29;115;;76,8824;75,6912;90,46412969;2136443778;54,2;;128640,4823;2,53;;0,88;102,5;410696;2124547;;;;;;;;;;;;;;;;
01/fev/09;2;1;2009;81,8;58,5;;121,93;10,4;28;116,4;;76,7045;79,5901;91,86348393;1770082142;68,2;;129281,0929;2,7;;0,83;103,8;417852;2126360;;;;;;;;;;;;;;;;
01/mar/09;3;1;2009;100,8;70,9;;147,15;11,7;29;117,2;;77,9705;92,1762;98,1228313;1793379124;69,2;;129955,3169;2,81;;0,86;103,3;421041;2130993;;;;;;;;;;;;;;;;
01/abr/09;4;2;2009;105,3;66,4;;134,84;12,1;29;115;;77,867;87,289;94,59542114;2059606387;84,2;;131218,6578;2,99;;0,86;99,7;422313;2134359;;;;;;;;;;;;;;;;
01/mai/09;5;2;2009;105,7;70,6;;118,04;12,6;30;111,9;;77,7661;99,7792;98,47388836;2003339093;107,1;;129995,379;3,14;;0,87;92,3;414783;2132096;;;;;;;;;;;;;;;;
01/jun/09;6;2;2009;104,4;72,4;;115,7;12;30;114,6;;78,3153;94,6572;99,96691738;1925011748;137,7;;130837,2767;3,16;;0,89;99;411542;2131598;;;;;;;;;;;;;;;;
01/jul/09;7;3;2009;109,6;69,3;;116,39;12;31;116,4;;79,7426;108,8832;103,8639099;1903982775;105,5;;131665,4614;3,57;;0,89;99,2;408531;2132095;;;;;;;;;;;;;;;;
01/ago/09;8;3;2009;105,5;70;;115,25;11,6;29;118,3;;79,008;96,3691;100,4844189;1964018434;95,6;;132968,5439;3,61;;0,91;94,9;405897;2142189;;;;;;;;;;;;;;;;
01/set/09;9;3;2009;100,2;72,9;;114,93;11,3;29;116,9;;79,8223;96,9991;101,8009563;2005352688;96;;135437,3231;3,66;;0,9;96,8;408141;2155588;;;;;;;;;;;;;;;;
01/out/09;10;4;2009;106,4;76,1;;119,94;10,4;29;119,5;;82,1062;104,8708;105,6723812;2112020659;90,6;;138134,863;3,68;;0,88;92,2;413341;2172911;;;;;;;;;;;;;;;;
01/nov/09;11;4;2009;102,8;74,3;;120,65;10;31;116,8;;81,806;94,329;101,7066158;2288478766;62,4;;140508,7914;3,72;;0,89;86,3;419797;2195290;;;;;;;;;;;;;;;;
01/dez/09;12;4;2009;98,1;96,9;;127,14;9,4;31;119,4;;78,5393;98,326;99,63683598;2301649626;77,7;;143388,6449;3,44;;0,9;86;411001;2186250;;;;;;;;;;;;;;;;
01/jan/10;1;1;2010;93,4;69,4;;122,2;9,7;32;116,5;67,55344444;79,7241;106,8111;98,30649505;2462975634;55;133,3;144379,4718;3,46;;0,95;88,3;417692;2209455;;;;;;;;;;;;;;;;
01/fev/10;2;1;2010;88;65,1;;130,21;9,6;30;120,3;67,09253333;81,0808;100,8039;98,70455193;1810042993;55,6;134,3;143918,3609;3,5;;0,92;90;427404;2231638;;;;;;;;;;;;;;;;
01/mar/10;3;1;2010;113,5;84,5;;157,8;9,8;29;120,5;67,45784444;84,0033;121,3031;111,0453938;2233527527;63,8;127,8;145139,9561;3,37;;0,9;88,8;436987;2264158;;;;;;;;;;;;;;;;
01/abr/10;4;2;2010;111,1;74,4;;143,76;9,6;26;120,4;67,71148889;83,2087;112,02;106,6511389;2393279996;86,9;131,2;146333,0821;3,29;;0,92;88,6;440279;2287154;;;;;;;;;;;;;;;;
01/mai/10;5;2;2010;109,2;77,7;;125,81;9,6;28;118,3;64,71071111;84,1461;110,3354;107,9364604;2231453747;103,1;133,2;146834,0557;3,13;;0,94;91,2;435711;2299628;;;;;;;;;;;;;;;;
01/jun/10;6;2;2010;111,1;77,6;;123,51;9,5;29;120;62,67066667;83,06;121,9318;110,6194859;2137608757;95,9;128,5;148920,145;2,97;;0,94;93,2;433016;2309664;;;;;;;;;;;;;;;;
01/jul/10;7;3;2010;117;80;;125,55;8,9;30;123,3;60,62402222;83,9323;123,104;112,5619111;2223763292;103,2;132,9;150111,3052;2,93;;0,94;89,2;430746;2321491;;;;;;;;;;;;;;;;
01/ago/10;8;3;2010;108,5;81,9;;123,8;8,7;28;126,2;60,51424444;85,2612;121,9857;113,0923427;2577255314;86,4;126,4;152358,8087;2,69;;0,9;90,6;429373;2339990;;;;;;;;;;;;;;;;
01/set/10;9;3;2010;96,4;79,8;;119,71;8,5;27;127,1;59,27053333;84,1612;103,8034;108,0035881;2304777320;88,4;131,6;153798,5235;2,66;;0,92;90,3;429224;2352703;;;;;;;;;;;;;;;;
01/out/10;10;4;2010;98,9;85,1;;123,79;8,2;27;127,2;59,76871111;83,9206;106,386;108,56354;2205838134;84,6;131;154627,9153;2,67;;0,89;91,4;433820;2373504;;;;;;;;;;;;;;;;
01/nov/10;11;4;2010;109,5;87,8;;129,98;7,7;26;129,8;59,0504;83,8135;117,2784;110,8570068;2300936251;67,5;135,6;155104,0985;2,59;;0,88;87,2;438491;2397591;;;;;;;;;;;;;;;;
01/dez/10;12;4;2010;97,1;110,1;;131,78;7,2;27;129,6;58,28317778;80,5762;100,0257;103,152262;2357624779;73,1;136,9;158218,4249;2,44;;0,91;83,9;429702;2379261;;;;;;;;;;;;;;;;
01/jan/11;1;1;2011;88,9;76,7;;129,06;7,3;27;131,2;60,57124444;80,1965;100,9995;98,44744277;2390815342;63;134,6;158390,7537;2,45;;0,94;85,6;436865;2396717;;;;;;;;;;;;;;;;
01/fev/11;2;1;2011;95,6;76,1;;139,68;7,3;26;128,6;60,47215556;81,8226;97,8071;101,6300321;2040541206;65,4;129;158214,8792;2,25;;0,92;83,9;445538;2417218;;;;;;;;;;;;;;;;
01/mar/11;3;1;2011;114;83,7;;164,86;7,4;25;126,5;59,35266667;84,4679;123,0356;113,0656967;2057654755;81,8;135,5;158982,1964;2,27;;0,92;86,2;455133;2437162;;;;;;;;;;;;;;;;
01/abr/11;4;2;2011;111,4;81,3;;149,14;7,4;23;125,1;57,08811111;83,6932;110,1266;106,4003411;2311107994;77,8;118,2;160338,3715;2,26;;0,91;84,1;456204;2454028;;;;;;;;;;;;;;;;
01/mai/11;5;2;2011;115;85,8;;133,24;7,7;22;126,4;54,22493333;84,6455;121,0939;112,254276;2166167179;106,4;112,8;162688,7311;2,38;;0,94;89,4;450655;2459194;;;;;;;;;;;;;;;;
01/jun/11;6;2;2011;111,1;84,8;;128,41;7,8;22;126;54,89204444;82,9355;106,6554;107,3539076;2148139639;104,8;115,5;165051,6218;2,37;;0,93;87,1;449456;2466431;;;;;;;;;;;;;;;;
01/jul/11;7;3;2011;113,7;84,5;;128,76;8;23;129,4;54,15722222;83,3411;111,8811;109,2871838;2230164896;96,3;131,6;166519,6563;2,51;;0,93;84,6;447318;2472433;;;;;;;;;;;;;;;;
01/ago/11;8;3;2011;113,5;87;;129,91;7,7;23;129,4;52,13586667;83,6973;107,9292;110,0341661;2361243656;101,1;121,1;167574,9456;2,47;;0,92;84,5;443845;2478873;;;;;;;;;;;;;;;;
01/set/11;9;3;2011;101,2;83,1;;126,37;7,7;23;131,6;52,68331111;82,4479;104,6343;108,2352325;2276057919;110,6;117;170744,9616;2,48;;0,93;97;442075;2486030;;;;;;;;;;;;;;;;
01/out/11;10;4;2011;107,1;86,2;;130,56;7,1;23;129,7;51,78778889;83,3862;103,7719;108,4287397;2383289702;95,2;130,7;172630,9489;2,58;;0,92;92,3;444794;2502612;;;;;;;;;;;;;;;;
01/nov/11;11;4;2011;104,3;88,8;;133,96;7;23;131;52,41813333;83,1036;104,0533;107,0204617;2472833654;78,4;125,6;175602,6617;2,77;;0,92;88,8;449272;2515793;;;;;;;;;;;;;;;;
01/dez/11;12;4;2011;97,3;115,3;;138,26;6,4;23;128,9;52,30104444;79,7028;93,2593;101,6732988;2517925523;78,4;114,4;179727,9407;2,67;;0,91;89,7;438907;2495462;;;;;;;;;;;;;;;;
01/jan/12;1;1;2012;91,4;84,1;91,7;130,4;6,5;22;128,2;54,11672222;81,3178;90,7751;97,44626592;2550548964;69,6;113,8;181300,0307;2,71;;0,96;86,7;445671;2504479;;;;;;;100;100;100;100;100;100;100;100;100;100
01/fev/12;2;1;2012;87,6;77,3;87,5;134,06;7;21;125,6;55,32715556;80,444;86,4151;98,90713497;1939778671;68,2;119,4;182100,7009;2,88;;0,92;83,4;450966;2510550;;;;;;;100,53;100,79;100,41;99,35;99,85;100,86;100,66;102,59;99,7;100,44
01/mar/12;3;1;2012;106,2;92;105,5;151,95;7,6;21;129,4;55,2807;83,019;106,2895;108,7502898;2415332219;123,8;127,4;184377,7064;2,85;;0,92;78,7;455746;2522065;;;;;;;100,962279;101,062133;101,263485;99,042015;100,18949;100,920516;100,579472;102,836216;99,62024;100,671012
01/abr/12;4;2;2012;99,6;85;94,5;140,03;7,8;21;131,1;53,58166667;82,2813;95,5947;101,9772056;2419723856;71,3;123,7;185901,2375;3,07;;0,92;92,1;457085;2531428;;;;;;;101,8507471;101,7998866;101,030579;100,5969746;99,7386373;102,7169012;102,8123363;102,9801867;100,3673918;101,4562459
01/mai/12;5;2;2012;109,4;91,3;97,3;134,79;7,3;22;134,5;55,13441111;82,7419;105,4117;107,2544306;2293860391;90,1;122,4;187697,5906;3,13;;0,93;102,6;451965;2530246;;;;;;;102,2683351;102,5328458;101,3942891;102,7899887;99,33968275;103,4359195;103,1002108;103,1140609;100,8491553;101,8925078
01/jun/12;6;2;2012;98,6;95,3;95,6;130,06;7,2;23;133;54,43145556;81,2986;97,5754;102,994224;2246998666;92,4;132,9;188473,82;3,03;;0,93;105,5;448984;2530456;4175;;;;;;103,3932868;102,3585399;100,8568993;102,6871987;97,94892719;103,7565708;104,0384227;103,1553066;100,7785609;101,9536433
01/jul/12;7;3;2012;105,5;92,3;94,9;131,09;7;24;133,8;51,75857778;82,851;109,2343;108,9322711;2345842665;96,7;126,3;185884,3551;3,07;;0,94;102;447883;2533432;4234;;;;;;104,2204331;103,2490592;100,7560424;102,8720357;98,37010757;104,1300945;105,4013261;103,2687774;101,0607408;102,5653651
01/ago/12;8;3;2012;112,1;101,3;98,8;135,59;6,9;22;130,4;51,86178889;84,2453;106,3045;110,0396133;2074555383;97;134,9;186212,4476;3,13;;0,91;102,9;445783;2538517;4316;;;;;;105,3564358;103,5278317;101,733376;102,5016963;98,54717377;104,8485922;105,2748445;104,569964;101,1213773;103,0576789
01/set/12;9;3;2012;95,3;86,2;94,7;127,35;6,9;21;129;55,65185556;82,704;94,1905;103,5817001;2237053438;79,3;134,3;186640,5505;3,07;;0,95;100,9;444326;2543999;4353;;;;;;106,8841041;104,3353488;101,9673628;101,9276868;98,57673792;105,1107136;106,285483;104,9255019;101,0910409;103,6554134
01/out/12;10;4;2012;105,8;100,9;98,3;135,18;7;20;129,4;55,96385556;83,8303;111,3124;111,9557217;2435919253;78,8;130,6;189629,1705;3,04;;0,93;98,8;448418;2551548;4385;;;;;;107,8781263;104,5022853;101,9775596;102,7227228;99,148483;105,3629793;106,6468536;105,1143678;101,3639867;104,1736905
01/nov/12;11;4;2012;103,2;98,1;95,6;136,6;7;20;132,1;57,78384444;82,6416;103,3404;107,5538618;2777369211;65;135,9;191635,6686;2,99;;0,92;96,7;452341;2561546;4436;;;;;;108,4498804;104,2723803;102,0897349;103,5753214;99,77311844;105,5737053;107,3613876;105,335108;101,9620342;104,6008026
01/dez/12;12;4;2012;85,3;120,7;100,1;134,89;6,5;20;133,9;55,85007778;77,6373;94,3991;100,3185912;2548395527;61;136,7;193552,6207;2,9;;0,93;92,7;440443;2545611;4487;;;;;;109,6428291;104,6477609;102,7737361;105,0460909;99,54364027;105,9537706;109,0576975;105,5563117;101,8396798;105,2493276
01/jan/13;1;1;2013;92;90,9;91;137,13;6,3;19;132,9;55,82534444;79,7528;106,1329;100,1562401;2563315684;59,5;134,2;193912,2166;2,89;;0,95;90,7;450920;2562844;4545;;;;;;111,6712214;103,9047618;103,7706413;103,6384733;100,2802632;106,8967592;111,5878361;107,4879922;101,8600477;106,1649967
01/fev/13;2;1;2013;93,6;80;89,4;146,31;6,2;20;134,6;58,04497778;81,0279;102,993;102,3783859;2330500926;60,3;140,3;196055,8623;2,86;;0,94;91,7;456739;2578910;4596;;;;;;112,7991007;100,6005903;103,4178211;103,6384733;101,8446353;107,3243462;112,1234577;111,1318351;102,0026518;106,5365742
01/mar/13;3;1;2013;103,5;97,6;103,8;167,33;6,5;20;135,4;56,86294444;83,048;110,1509;109,1958767;2178738096;79,3;151,6;198826,8948;2,9;;0,91;93,4;466426;2604965;4651;;;;;;113,7578931;100,9325723;103,5315808;103,9597526;102,1298003;107,7107139;112,5607392;111,7986261;102,3698613;107,0266425
01/abr/13;4;2;2013;115;94,4;100,3;161,48;6,5;19;135,4;54,92876667;84,8798;118,7132;112,0553019;2524940731;98,4;136,1;200376,4543;2,78;;0,94;94,1;465262;2614694;4697;;;;;;113,7465173;101,6996598;104,2355955;105,1241018;101,772346;109,5848803;112,4594345;111,809806;102,1753586;107,3691277
01/mai/13;5;2;2013;115,6;94,6;99,1;141,11;6,5;19;135,5;54,65297778;83,6341;113,4539;111,144823;2526316338;131,5;137;202999,3076;2,81;;0,96;96,7;459649;2613303;4718;;;;;;114,5199936;102,1979882;105,6010818;106,8481371;101,6196875;110,2533481;113,0554695;111,8433489;101,9812254;107,9059734
01/jun/13;6;2;2013;109,4;95;94,7;136,01;6,6;20;135;53,89863333;83,4954;113,8787;110,2915754;2447034742;209,7;134,5;204636,5703;2,68;;0,94;94,6;457174;2616559;4752;;;;;;114,8177456;102,0957902;106,0340462;107,8631944;101,6603353;110,2533481;113,1006917;112,1341416;102,2361785;108,0894135
01/jul/13;7;3;2013;120,2;101,4;99,5;140,4;6,7;20;135,6;48,62643333;83,9627;122,344;115,527025;2434169964;107;132,4;204062,3886;2,65;;0,94;104,3;453632;2613622;4797;;;;;;114,898118;103,0861193;106,4581824;106,2344602;101,1317016;110,7164121;114,2090785;112,0107941;102,2464021;108,1975029
01/ago/13;8;3;2013;118,8;102,1;101,7;140,68;6,5;22;134,2;51,2898;84,2244;114,0807;114,7433705;2521263523;135,7;124,9;206398,446;2,62;;0,92;110,9;451286;2620273;4898;;;;;;115,5070781;103,8901911;107,5547017;105,7564051;101,0811358;111,2478509;114,8486493;113,1421031;102,2055035;108,6302929
01/set/13;9;3;2013;107,8;98,1;97,4;136,46;6,2;21;135,1;53,39421111;82,4938;107,4857;112,1246866;2524509853;120,7;118;206192,6288;2,65;;0,92;106,3;451149;2630643;4966;;;;;;117,0086701;104,2745848;108,0064314;106,6976371;101,5157846;111,7484662;115,0783466;113,4136442;102,3383707;109,3146638
01/out/13;10;4;2013;119,5;106,1;100,9;144,43;6,1;21;136,6;51,2457;84,2098;124,9939;118,0720941;2582538502;213,7;119,4;206820,9215;2,67;;0,9;86,2;454251;2639148;5038;;;;;;118,2840646;105,233911;108,1684411;106,9963905;101,7086646;112,1619356;115,4811208;113,1641341;102,696555;109,9158944
01/nov/13;11;4;2013;109,1;107,1;98,6;144,57;6,2;20;138;52,97441111;82,1874;108,5265;110,162135;2775257968;147,1;125,6;209778,5123;2,59;;0,89;91,3;459210;2648556;5072;;;;;;118,733544;106,9176535;109,3258434;107,8951602;101,8612276;112,5432862;116,4511622;113,379146;103,2203074;110,5863814
01/dez/13;12;4;2013;86,6;129,2;103;140,06;6,1;21;138,3;52,13476667;77,5307;90,6456;100,9244641;2598876512;67,8;128,4;212584,2427;2,43;;0,92;96,1;448325;2623074;5116;;;;;;119,873386;107,3025571;108,626158;107,9598973;103,2669126;113,3873608;116,8121608;113,4244977;104,0254258;111,3273101
01/jan/14;1;1;2014;94,6;101,4;95,1;142,11;5,7;23;138,7;51,42081111;79,0018;100,182;99,76394774;2660909474;62,4;140,4;211879,5796;2,44;;0,97;99,1;455890;2641500;5176;21,24590756;0,0043;;;;120,4128163;107,7854186;109,2453271;107,4740777;103,1223389;113,3646833;119,6039715;116,9973693;104,0254258;111,9173449
01/fev/14;2;1;2014;98,9;91;94,7;154,43;5,6;22;138,5;50,05555556;80,922;95,9618;103,7362962;2445402470;63;131,1;211149,5421;2,47;;0,9;94,1;465911;2689871;5157;21,56639065;0,0044;;;;120,5934355;108,5830307;110,4142521;105,7437451;103,0914022;114,2942737;121,3501895;120,6944862;104,0150233;112,4321647
01/mar/14;3;1;2014;105,4;94,4;107,2;175,56;6;21;137,9;51,9;81,4446;104,7687;107,3318793;2327450809;69,5;125,8;209904,5826;2,5;;0,93;92;471414;2712797;5101;21,48734122;0,0044;;;;124,5006628;108,5070226;111,0988205;105,7014476;103,6480958;114,9343217;121,4594046;120,8634585;101,8203063;113,4777838
01/abr/14;4;2;2014;103;97,4;102,8;162,03;6,1;19;137;49,12523333;81,7676;98,3186;104,8433642;2477016926;98,9;121;211481,3621;2,5;;0,93;93,6;470573;2725076;5033;22,07249185;0,0046;;;;126,231222;109,6137942;112,2542482;107,5300826;104,6431175;116,6813233;122,0545557;121,1051854;101,9119445;114,7033439
01/mai/14;5;2;2014;107,2;99,7;100,2;140,12;6,2;19;133,2;46,67481111;80,9699;110,0636;108,0110841;2411101915;115,1;109,6;214382,5996;2,57;;0,91;97,9;466513;2719683;5048;23,07808229;0,0048;;;;127,0012325;111,4224218;113,2869873;108,9064677;105,3023691;117,6264421;122,384103;121,1536275;102,0138565;115,5636189
01/jun/14;6;2;2014;95,8;88,8;95,2;130,2;5,7;20;130,5;45,66944297;78,9291;92,3227;100,7290171;2485433579;115;106;217512,0334;2,49;;0,91;101,2;464270;2712327;5110;23,04859476;0,0047;;;;126,4297269;112,1243831;113,7288065;110,3004705;104,9654015;118,3322007;124,9052155;120,838628;101,922044;115,8987534
01/jul/14;7;3;2014;107,3;97;100;134,54;5,7;19;130,7;42,40296667;82,7656;107,1774;106,7117736;2229452786;116,1;113,2;218214,2146;2,45;;0,9;100,4;462960;2702975;5173;22,59844797;0,0046;;;;125,8102213;113,7053369;114,7864844;109,6938179;104,6295123;118,5333655;125,0176302;121,1165569;101,7793532;115,9567028
01/ago/14;8;3;2014;110,8;97,5;99,6;135,46;5,9;18;132,1;43,48882222;82,044;100,5338;106,7046523;2510798717;100,5;117,3;220602,3004;2,56;;0,89;100,9;460090;2701804;5229;21,67275469;0,0043;;;;125,9863556;114,3761984;114,7635272;109,1124406;104,3574755;118,9956456;125,2176584;122,3519458;101,9422001;116,1306379
01/set/14;9;3;2014;109,6;99,7;99,2;135,73;6;18;130,9;43,2;82,3433;98,1701;109,1232262;2741875327;119,4;123,8;222989,6552;2,58;;0,92;105,6;456621;2709224;5290;22,00541222;0,0043;;;;126,9186546;114,536325;114,499571;109,0906181;105,1401566;119,3169338;125,4931373;122,5721793;102,309192;116,6067735
01/out/14;10;4;2014;114,1;104;105,3;140,29;6,5;21;127,3;44,7;82,3656;110,4536;112,6193215;2639196247;89,2;128,1;222925,273;2,72;;0,9;102,9;457621;2712472;5331;22,11808999;0,0043;;;;128,2513005;115,567152;115,3926677;110,6178868;105,8445956;119,4123874;126,3715892;122,8050664;102,3808085;117,4696636
01/nov/14;11;4;2014;102,5;104,9;99;139,85;6,3;23;128,8;44;82,0333;92,9233;104,8659354;2771801926;60,9;125,3;223078,8792;2,68;;0,89;103,2;460622;2732532;5387;21,97191023;0,0043;;;;129,0079832;115,8791833;114,711851;110,7285047;106,5008321;119,8183895;126,8897128;123,2226036;102,5958082;117,9277953
01/dez/14;12;4;2014;86,5;124,3;101,7;140,6;6,1;24;127,6;44,2;74,1033;75,6483;95,41497771;2914365241;80,5;114,8;225891,4972;2,55;;0,89;101,3;446132;2664450;5338;21,93057854;0,0044;;;;129,9368406;118,4169374;115,021573;111,7582798;107,4060892;120,2377539;127,5114724;123,0624142;102,6471061;118,8712177
01/jan/15;1;1;2015;81,4;92,9;95,3;137,7;5,7;24;128,2;44,4;76,4042;78,557;89,94116523;2738472536;66;108,6;224490,0694;2,66;;0,94;92,4;457037;2673200;5302;21,76084899;0,0044;;;;132,2627101;121,9812872;114,7915298;111,8923897;107,4490516;120,7427524;129,8066789;124,9698817;102,5855178;120,2857852
01/fev/15;2;1;2015;82,4;78,3;89,9;148,6;5,8;23;127,4;37,3;76,7262;73,0387;91,19279281;2407562767;60,8;110,5;223416,0483;2,88;;0,88;99;461255;2677572;5284;21,82549106;0,0045;;;;132,7917609;123,4328645;116,0542366;110,3818425;110,7799722;121,5275803;131,0268616;129,881198;102,2880198;121,6450145
01/mar/15;3;1;2015;101,8;92,5;105,9;178,13;6,3;20;125,6;35,7;80,8854;93,4425;103,6849205;2359076512;85,7;102,5;223478,3654;2,89;;0,89;107,7;468570;2691106;5348;21,93577537;0,0044;;;;134,982825;131,9127023;116,6229024;110,4922243;112,6410758;122,4390372;131,6557906;130,2838297;100,6207251;123,8467893
01/abr/15;4;2;2015;95,2;86,4;96,2;160,79;7,3;20;125,7;38,7;80,1334;90,7249;96,786739;2641385166;122,6;97,3;221755,9604;2,93;;0,92;98,6;465548;2683544;5386;22,04195152;0,0044;;;;136,5756223;132,1369539;117,6141971;111,0667839;112,3031525;124,496013;132,3404007;130,2838297;100,9728976;124,58987
01/mai/15;5;2;2015;94,5;86,4;96,5;133,74;7,8;21;124,6;38,8;79,3356;87,5105;95,72834662;2492988171;115,2;94,9;221388,3911;2,97;;0,9;99,9;458881;2667370;5424;22,1250729;0,0040;;;;137,3267882;133,9208028;118,3786893;112,4551187;114,0326211;125,6164771;133,8226132;130,5183406;101,1748434;125,7983918
01/jun/15;6;2;2015;88,7;83,4;93,7;127,56;8,5;21;124,8;39,4;79,2184;88,6249;96,81819422;2448798344;124,7;85,6;218225,1888;2,78;;0,88;100,1;455820;2653056;5450;22,13746565;0,0040;;;;138,4116699;134,0815077;119,7163685;114,175682;114,9106723;126,4957924;135,8299524;130,4400296;101,2456658;126,7418797
01/jul/15;7;3;2015;102,7;85,1;96,4;130,82;9,4;22;121,2;37,3;80,2323;89,2265;98,17094614;2357942440;132,9;79,5;215046,5152;2,84;;0,88;102,6;452102;2634077;5472;22,19914583;0,0040;;;;140,1556569;135,5832206;121,6318304;113,8674076;115,9563594;127,3433143;136,0336973;130,5835137;101,3165378;127,7684889
01/ago/15;8;3;2015;97,3;82,9;95,7;128,54;9,7;22;119,9;37,4;80,6101;82,8578;96,07016368;2354754496;118;76,7;216415,245;3,04;84,2;0,88;109,5;447410;2621731;5491;22,10947374;0,0040;;;;141,0106064;135,4069624;122,7630065;112,3757446;115,7360423;128,2983891;136,9995365;132,0199323;101,4583809;128,1262407
01/set/15;9;3;2015;88,3;80,8;95;125,6;10,1;23;118,1;36,6;78,6069;82,4171;96,95308935;2751988743;152,1;71,6;214390,2285;3,11;80,2;0,89;113;444753;2613269;5422;22,02307312;0,0039;;;;141,7297605;137,3568227;123,069914;112,81401;116,0716768;129,0553496;137,6160345;132,4952041;101,4583809;128,8437476
01/out/15;10;4;2015;95,3;86,4;96;129,15;10,1;24;117;35,2;78,4236;84,424;96,27015067;2456237529;114,1;69,9;210542,9621;3,25;84,6;0,89;117,4;443637;2604784;5475;21,97889326;0,0039;;;;142,6651769;137,7688932;123,1929839;113,7052407;118,3118602;129,4941378;137,9463129;132,7469449;102,3410688;129,784307
01/nov/15;11;4;2015;88,9;83,9;92,8;128,85;10,2;26;115,4;35,9;77,2903;78,4113;93,6670236;2531895749;100,4;70,2;209250,5112;3,29;84,7;0,86;105,9;445229;2602324;5499;22,08719085;0,0039;;;;145,9607425;139,1879128;123,9075032;114,5011774;118,6431334;130,5171415;138,05667;132,9460654;103,7738438;131,1210854
01/dez/15;12;4;2015;76,8;102,7;96,8;131,63;9,6;28;113,2;38;74,1294;62,9513;86,31951432;2516069782;86,7;72,3;210424,9592;3,18;79,7;0,84;103,4;433934;2566325;5494;22,14138625;0,0039;100;100;;147,8728282;139,8838523;124,0314107;116,2644955;119,877022;131,2219341;138,553674;133,1587791;103,9606367;132,1962783
01/jan/16;1;1;2016;77,7;77,7;88,7;129,4;9,7;30;109,8;38,2;75,4746;67,262;82,25992554;2568686751;66,5;73,3;206447,364;3,29;74,6;0,92;103,3;444425;2573984;5497;22,17730827;0,0040;99,9;100,2;0,0038;149,6473022;144,0244144;125,5694002;116,1017252;123,2695417;132,0223878;140,0639091;133,4517284;105,5096502;134,2585402
01/fev/16;2;1;2016;78,7;73;86;141,47;10,1;30;105,8;38,6;78,688;72,9713;88,04908868;2564296822;71,5;69,1;203792,0329;3,39;81,2;0,87;104,4;452443;2580714;5484;21,94144382;0,0040;98,7;100,9;0,0039;151,6675408;144,5573047;127,0134483;116,7054542;123,2448878;133,4746341;141,1984267;140,9784059;106,2693197;135,560848
01/mar/16;3;1;2016;91,1;81,7;100;164,55;10,7;29;107,9;40,6;80,149;80,8472;93,4962157;2504981102;97,3;63,5;202008,7812;3,47;84,8;0,88;92,4;459380;2585897;5500;21,79684414;0,0039;98;102,5;0,0040;154,9283929;144,326013;126,74672;117,0205589;123,6392714;134,3555667;141,5655426;142,6137554;103,4319289;136,4691057
01/abr/16;4;2;2016;88;75,6;91,8;150,79;10,5;28;109,1;39,5;80,2211;77,1951;89,27610421;2692924856;109,3;63,7;200958,178;3,53;86,1;0,89;90,9;455326;2579104;5528;21,67520517;0,0040;97,8;103,3;0,0040;156,5706338;143,5177873;128,3183794;118,6939529;124,5418381;138,6415093;141,8486737;142,6708009;106,0384135;137,7519153
01/mai/16;5;2;2016;91,1;77,1;90,9;129,78;10,2;29;113,2;42,1;78,6272;85,292;90,45264648;2529812832;142,6;66,5;199148,234;3,43;92;0,89;92,2;447138;2563669;5565;21,64200265;0,0039;98,1;103,8;0,0040;159,0601069;143,6182498;129,6272268;119,9995864;124,4795672;140,6518112;144,5012439;143,1844158;106,0066019;139,0192329
01/jun/16;6;2;2016;90,8;77,5;91;126,65;10,3;32;110,1;46,3;79,7509;84,9076;91,89745875;2337099254;137;61,2;193778,746;3,29;96,9;0,91;92,8;443333;2553558;5564;21,49700688;0,0038;98,8;103,9;0,0040;159,3146031;144,0347427;129,3679724;120,4915847;123,3219072;141,0315711;144,6023948;143,3991924;106,0914072;138,9914291
01/jul/16;7;3;2016;90,3;76,6;89,9;124,62;10,4;36;108,4;50,2;78,0201;78,6813;88,97746746;2482450637;127,1;55,5;193853,7093;3,23;106;0,89;93,4;439462;2541956;5571;21,4421183;0,0038;99,3;104,1;0,0040;161,3856929;144,8269338;129,7948867;119,7927335;123,5808832;141,8636573;145,3687875;143,470892;106,0277524;139,7836802
01/ago/16;8;3;2016;97,4;77,1;92,3;127,64;10,7;38;101,8;52,7;79,4389;84,3182;93,98781871;2444055389;130,5;56,3;194000,6878;3,29;106,7;0,88;91,9;437385;2540308;5604;21,45882734;0,0038;99,5;104,2;0,0040;161,3695544;145,5510685;130,015538;119,3854382;123,9269097;142,8850757;146,4445165;146,8424579;106,0171496;140,3008799
01/set/16;9;3;2016;87,7;73;91,3;123,64;11;41;102,1;55,4;77,8616;76,5223;89,18206193;2538086911;99,2;59,1;194888,3916;3,35;109;0,86;91;436812;2537795;5630;21,46177504;0,0038;99,7;103,9;0,0040;159,9979132;147,2103506;129,5734852;120,0898123;124,9926811;143,3423079;146,9277834;147,0920901;106,2397856;140,5674515
01/out/16;10;4;2016;91;77,9;91;126,34;10,8;41;104,2;53,5;78,2481;79,1633;89,2644918;2525324580;94,5;61;194032,0543;3,44;112,1;0,87;91,9;440222;2540242;5648;21,38978993;0,0038;99,9;104,3;0,0040;160,9099013;146,8570458;129,7030587;121,518881;124,755195;144,2453644;147,089404;147,224473;106,4097693;140,9188702
01/nov/16;11;4;2016;87,5;79;89,2;128,29;10,8;42;105,7;53,6;77,8065;80,841;91,83465237;2559096755;121,3;64,1;195868,0902;3,43;107;0,86;89,2;443359;2541357;5666;21,34655741;0,0037;100,1;104,6;0,0040;161,1029931;147,1213885;130,351574;122,2601462;125,6160059;144,7790723;148,2072834;147,4158648;106,3352824;141,44027
01/dez/16;12;4;2016;79,6;94,3;90,8;129,08;10,7;40;105,3;50,5;72,9601;68,4902;86,37867265;2606625930;96,5;64,8;194987,5867;3,23;108,8;0,82;92,2;433513;2512736;5671;21,29867488;0,0037;99,8;104,5;0,0040;161,0707725;143,2079595;130,2472927;123,3238095;126,8470427;145,1989316;149,4670453;147,3126737;106,4309842;141,3836939
01/jan/17;1;1;2017;74,6;82,7;85,9;130,99;10,6;38;100,1;51,7;76,0886;66,1014;80,39907831;2819995489;83,2;62;193207,5928;3,3;110,4;0,91;;441493;2521098;5674;21,25179908;0,0037;99,4;103,8;0,0040;162,3432316;143,4800547;130,1300701;121,6342733;126,1113299;145,7506875;150,2293273;147,5778365;107,3462907;141,6381845
01/fev/17;2;1;2017;79,7;73,5;80,3;146,87;10,8;34;97,5;55,1;77,8939;68,0333;85,19601879;2365695785;70,7;62,3;192722,719;3,41;115,3;0,86;;449585;2532467;5677;21,19943952;0,0037;99;103;0,0039;161,4503439;144,269195;131,0149546;120,4544208;125,1907172;147,3830952;151,0105198;156,2701711;108,0977147;141,9781162
01/mar/17;3;1;2017;98,2;88,6;91;174,48;10,8;35;97,7;58,4;80,0544;79,2752;92,70725697;2397967159;96,5;65,4;193091,3628;3,33;107,5;0,88;;456931;2538330;5676;21,19604646;0,0037;98,6;102,3;0,0039;163,1778625;145,6397523;130,0454439;120,1894211;124,0389626;148,0021042;151,0407219;156,5983385;107,1896939;142,3188636
01/abr/17;4;2;2017;84,1;82,2;84,7;153,19;11,3;35;96,1;56,6;79,379;74,7131;86,23501162;2840673002;113,7;69,7;195718,7178;3,6;109;0,86;;454095;2535725;5667;21,23827714;0,0037;98,7;102,3;0,0039;164,4832854;143,8046914;130,3445485;121,1268986;123,8901158;149,3489234;150,9198893;156,8645556;108,2937477;142,6319651
01/mai/17;5;2;2017;97,7;86,4;90,1;133,65;11,1;37;101;55,6;81,1775;82,6927;92,55109224;;;73;197220;3,59;108,5;0,9;;445456;2523356;5658;21,28075696;0,0037;99;102,5;0,0039;163,4141441;146,6520243;130,2272384;121,9384488;125,5502434;150,2002122;151,372649;157,3351493;108,1529659;143,3165986
01/jun/17;6;2;2017;91,8;86,4;88,4;128,21;11;37;96,7;52,7;79,0477;81,5441;91,31281951;;;74,3;198334,0065;3,33;108,5;;;440875;2513843;5664;21,32316268;0,0037;99,2;102,7;0,0039;161,8780511;144,598896;129,5240113;123,7187502;125,5376884;150,7709731;152,0084141;157,8228883;108,2178576;142,9153121
01/jul/17;7;3;2017;90,9;86,8;89,2;127,73;10,4;39;;53,2;78,9955;87,1404;92,3953349;;;75,1;196648,1026;3,52;;;;439591;;5657;21,2811019;0,0037;99,1;102,7;0,0039;161,2143511;146,2762432;129,1613441;122,4691908;124,2320964;151,1479005;152,783657;157,9333643;108,1637487;142,7438137
01/ago/17;8;3;2017;;;;;;;;54,2;;;;;;74,6;;;;;;;;5649;21,23422525;0,0037;;;;159,5699647;147,9291647;129,5617442;121,6364003;127,3627452;151,9338696;153,3489565;157,0015574;106,8766001;143,2148683
01/set/17;9;3;2017;;;;;;;;;;;;;;;;;;;;;;;;;;;;;;;;;;;;;
01/out/17;10;4;2017;;;;;;;;;;;;;;;;;;;;;;;;;;;;;;;;;;;;;
01/nov/17;11;4;2017;;;;;;;;;;;;;;;;;;;;;;;;;;;;;;;;;;;;;
01/dez/17;12;4;2017;;;;;;;;;;;;;;;;;;;;;;;;;;;;;;;;;;;;;
01/jan/18;1;1;2018;;;;;;;;;;;;;;;;;;;;;;;;;;;;;;;;;;;;;
01/fev/18;2;1;2018;;;;;;;;;;;;;;;;;;;;;;;;;;;;;;;;;;;;;
01/mar/18;3;1;2018;;;;;;;;;;;;;;;;;;;;;;;;;;;;;;;;;;;;;
01/abr/18;4;2;2018;;;;;;;;;;;;;;;;;;;;;;;;;;;;;;;;;;;;;
01/mai/18;5;2;2018;;;;;;;;;;;;;;;;;;;;;;;;;;;;;;;;;;;;;
01/jun/18;6;2;2018;;;;;;;;;;;;;;;;;;;;;;;;;;;;;;;;;;;;;
01/jul/18;7;3;2018;;;;;;;;;;;;;;;;;;;;;;;;;;;;;;;;;;;;;
01/ago/18;8;3;2018;;;;;;;;;;;;;;;;;;;;;;;;;;;;;;;;;;;;;
01/set/18;9;3;2018;;;;;;;;;;;;;;;;;;;;;;;;;;;;;;;;;;;;;
01/out/18;10;4;2018;;;;;;;;;;;;;;;;;;;;;;;;;;;;;;;;;;;;;
01/nov/18;11;4;2018;;;;;;;;;;;;;;;;;;;;;;;;;;;;;;;;;;;;;
01/dez/18;12;4;2018;;;;;;;;;;;;;;;;;;;;;;;;;;;;;;;;;;;;;
01/jan/19;1;1;2019;;;;;;;;;;;;;;;;;;;;;;;;;;;;;;;;;;;;;
01/fev/19;2;1;2019;;;;;;;;;;;;;;;;;;;;;;;;;;;;;;;;;;;;;
01/mar/19;3;1;2019;;;;;;;;;;;;;;;;;;;;;;;;;;;;;;;;;;;;;
01/abr/19;4;2;2019;;;;;;;;;;;;;;;;;;;;;;;;;;;;;;;;;;;;;
01/mai/19;5;2;2019;;;;;;;;;;;;;;;;;;;;;;;;;;;;;;;;;;;;;
01/jun/19;6;2;2019;;;;;;;;;;;;;;;;;;;;;;;;;;;;;;;;;;;;;
01/jul/19;7;3;2019;;;;;;;;;;;;;;;;;;;;;;;;;;;;;;;;;;;;;
01/ago/19;8;3;2019;;;;;;;;;;;;;;;;;;;;;;;;;;;;;;;;;;;;;
01/set/19;9;3;2019;;;;;;;;;;;;;;;;;;;;;;;;;;;;;;;;;;;;;
01/out/19;10;4;2019;;;;;;;;;;;;;;;;;;;;;;;;;;;;;;;;;;;;;
01/nov/19;11;4;2019;;;;;;;;;;;;;;;;;;;;;;;;;;;;;;;;;;;;;
01/dez/19;12;4;2019;;;;;;;;;;;;;;;;;;;;;;;;;;;;;;;;;;;;;
01/jan/20;1;1;2020;;;;;;;;;;;;;;;;;;;;;;;;;;;;;;;;;;;;;
01/fev/20;2;1;2020;;;;;;;;;;;;;;;;;;;;;;;;;;;;;;;;;;;;;
01/mar/20;3;1;2020;;;;;;;;;;;;;;;;;;;;;;;;;;;;;;;;;;;;;
01/abr/20;4;2;2020;;;;;;;;;;;;;;;;;;;;;;;;;;;;;;;;;;;;;
01/mai/20;5;2;2020;;;;;;;;;;;;;;;;;;;;;;;;;;;;;;;;;;;;;
01/jun/20;6;2;2020;;;;;;;;;;;;;;;;;;;;;;;;;;;;;;;;;;;;;
01/jul/20;7;3;2020;;;;;;;;;;;;;;;;;;;;;;;;;;;;;;;;;;;;;
01/ago/20;8;3;2020;;;;;;;;;;;;;;;;;;;;;;;;;;;;;;;;;;;;;
01/set/20;9;3;2020;;;;;;;;;;;;;;;;;;;;;;;;;;;;;;;;;;;;;
01/out/20;10;4;2020;;;;;;;;;;;;;;;;;;;;;;;;;;;;;;;;;;;;;
01/nov/20;11;4;2020;;;;;;;;;;;;;;;;;;;;;;;;;;;;;;;;;;;;;
01/dez/20;12;4;2020;;;;;;;;;;;;;;;;;;;;;;;;;;;;;;;;;;;;;
